"RI","Na","Mg","Al","Si","K","Ca","Ba","Fe","Class"
1.5202,13.98,1.35,1.63,71.76,0.39,10.56,0,0.18,"negative"
1.51316,13.02,0,3.04,70.48,6.21,6.96,0,0,"negative"
1.51569,13.24,3.49,1.47,73.25,0.38,8.03,0,0,"negative"
1.51761,12.81,3.54,1.23,73.24,0.58,8.39,0,0,"negative"
1.51837,13.14,2.84,1.28,72.85,0.55,9.07,0,0,"negative"
1.51574,14.86,3.67,1.74,71.87,0.16,7.36,0,0.12,"negative"
1.5159,13.02,3.58,1.51,73.12,0.69,7.96,0,0,"negative"
1.52127,14.32,3.9,0.83,71.5,0,9.49,0,0,"positive"
1.51838,14.32,3.26,2.22,71.25,1.46,5.79,1.63,0,"negative"
1.51531,14.38,0,2.66,73.1,0.04,9.08,0.64,0,"negative"
1.51753,12.57,3.47,1.38,73.39,0.6,8.55,0,0.06,"negative"
1.51784,12.68,3.67,1.16,73.11,0.61,8.7,0,0,"negative"
1.51589,12.88,3.43,1.4,73.28,0.69,8.05,0,0.24,"negative"
1.51592,12.86,3.52,2.12,72.66,0.69,7.97,0,0,"negative"
1.5167,13.24,3.57,1.38,72.7,0.56,8.44,0,0.1,"positive"
1.5169,13.33,3.54,1.61,72.54,0.68,8.11,0,0,"negative"
1.51898,13.58,3.35,1.23,72.08,0.59,8.91,0,0,"negative"
1.51852,14.09,2.19,1.66,72.67,0,9.32,0,0,"negative"
1.53393,12.3,0,1,70.16,0.12,16.19,0,0.24,"negative"
1.51755,12.71,3.42,1.2,73.2,0.59,8.64,0,0,"negative"
1.52777,12.64,0,0.67,72.02,0.06,14.4,0,0,"negative"
1.51784,13.08,3.49,1.28,72.86,0.6,8.49,0,0,"negative"
1.51711,14.23,0,2.08,73.36,0,8.62,1.67,0,"negative"
1.5186,13.36,3.43,1.43,72.26,0.51,8.6,0,0,"negative"
1.51545,14.14,0,2.68,73.39,0.08,9.07,0.61,0.05,"negative"
1.51321,13,0,3.02,70.7,6.21,6.93,0,0,"negative"
1.51655,12.75,2.85,1.44,73.27,0.57,8.79,0.11,0.22,"negative"
1.51829,14.46,2.24,1.62,72.38,0,9.26,0,0,"negative"
1.51841,13.02,3.62,1.06,72.34,0.64,9.13,0,0.15,"negative"
1.51596,13.02,3.56,1.54,73.11,0.72,7.9,0,0,"negative"
1.51743,12.2,3.25,1.16,73.55,0.62,8.9,0,0.24,"negative"
1.51994,13.27,0,1.76,73.03,0.47,11.32,0,0,"negative"
1.52475,11.45,0,1.88,72.19,0.81,13.24,0,0.34,"negative"
1.51593,13.25,3.45,1.43,73.17,0.61,7.86,0,0,"negative"
1.51653,11.95,0,1.19,75.18,2.7,8.93,0,0,"negative"
1.52065,14.36,0,2.02,73.42,0,8.44,1.64,0,"negative"
1.51829,13.24,3.9,1.41,72.33,0.55,8.31,0,0.1,"negative"
1.51747,12.84,3.5,1.14,73.27,0.56,8.55,0,0,"negative"
1.51631,13.34,3.57,1.57,72.87,0.61,7.89,0,0,"negative"
1.51748,12.86,3.56,1.27,73.21,0.54,8.38,0,0.17,"negative"
1.51514,14.85,0,2.42,73.72,0,8.39,0.56,0,"negative"
1.52614,13.7,0,1.36,71.24,0.19,13.44,0,0.1,"negative"
1.518,13.71,3.93,1.54,71.81,0.54,8.21,0,0.15,"negative"
1.51813,13.43,3.98,1.18,72.49,0.58,8.15,0,0,"negative"
1.52315,13.44,3.34,1.23,72.38,0.6,8.83,0,0,"negative"
1.51674,12.87,3.56,1.64,73.14,0.65,7.99,0,0,"negative"
1.51588,13.12,3.41,1.58,73.26,0.07,8.39,0,0.19,"negative"
1.51831,14.39,0,1.82,72.86,1.41,6.47,2.88,0,"negative"
1.52171,11.56,1.88,1.56,72.86,0.47,11.41,0,0,"negative"
1.51556,13.87,0,2.54,73.23,0.14,9.41,0.81,0.01,"negative"
1.52058,12.85,1.61,2.17,72.18,0.76,9.7,0.24,0.51,"negative"
1.51665,13.14,3.45,1.76,72.48,0.6,8.38,0,0.17,"positive"
1.51732,14.95,0,1.8,72.99,0,8.61,1.55,0,"negative"
1.51769,12.45,2.71,1.29,73.7,0.56,9.06,0,0.24,"negative"
1.523,13.31,3.58,0.82,71.99,0.12,10.17,0,0.03,"negative"
1.5172,13.38,3.5,1.15,72.85,0.5,8.43,0,0,"negative"
1.51567,13.29,3.45,1.21,72.74,0.56,8.57,0,0,"negative"
1.51892,13.46,3.83,1.26,72.55,0.57,8.21,0,0.14,"negative"
1.51623,14.14,0,2.88,72.61,0.08,9.18,1.06,0,"negative"
1.51596,12.79,3.61,1.62,72.97,0.64,8.07,0,0.26,"negative"
1.5175,12.82,3.55,1.49,72.75,0.54,8.52,0,0.19,"negative"
1.52369,13.44,0,1.58,72.22,0.32,12.24,0,0,"negative"
1.51783,12.69,3.54,1.34,72.95,0.57,8.75,0,0,"negative"
1.5161,13.42,3.4,1.22,72.69,0.59,8.32,0,0,"positive"
1.51789,13.19,3.9,1.3,72.33,0.55,8.44,0,0.28,"negative"
1.51779,13.64,3.65,0.65,73,0.06,8.93,0,0,"positive"
1.51625,13.36,3.58,1.49,72.72,0.45,8.21,0,0,"negative"
1.52043,13.38,0,1.4,72.25,0.33,12.5,0,0,"negative"
1.51742,13.27,3.62,1.24,73.08,0.55,8.07,0,0,"negative"
1.52121,14.03,3.76,0.58,71.79,0.11,9.65,0,0,"positive"
1.51667,12.94,3.61,1.26,72.75,0.56,8.6,0,0,"negative"
1.51751,12.81,3.57,1.35,73.02,0.62,8.59,0,0,"negative"
1.51743,13.3,3.6,1.14,73.09,0.58,8.17,0,0,"negative"
1.51594,13.09,3.52,1.55,72.87,0.68,8.05,0,0.09,"negative"
1.51629,12.71,3.33,1.49,73.28,0.67,8.24,0,0,"negative"
1.51609,15.01,0,2.51,73.05,0.05,8.83,0.53,0,"negative"
1.51811,12.96,2.96,1.43,72.92,0.6,8.79,0.14,0,"negative"
1.51832,13.33,3.34,1.54,72.14,0.56,8.99,0,0,"positive"
1.51934,13.64,3.54,0.75,72.65,0.16,8.89,0.15,0.24,"positive"
1.51793,13.21,3.48,1.41,72.64,0.59,8.43,0,0,"negative"
1.51645,13.4,3.49,1.52,72.65,0.67,8.08,0,0.1,"negative"
1.52152,13.12,3.58,0.9,72.2,0.23,9.82,0,0.16,"negative"
1.51766,13.21,3.69,1.29,72.61,0.57,8.22,0,0,"negative"
1.51786,12.73,3.43,1.19,72.95,0.62,8.76,0,0.3,"negative"
1.5164,14.37,0,2.74,72.85,0,9.45,0.54,0,"negative"
1.51769,13.65,3.66,1.11,72.77,0.11,8.6,0,0,"positive"
1.5159,13.24,3.34,1.47,73.1,0.39,8.22,0,0,"negative"
1.51711,12.89,3.62,1.57,72.96,0.61,8.11,0,0,"negative"
1.51646,13.04,3.4,1.26,73.01,0.52,8.58,0,0,"positive"
1.52068,13.55,2.09,1.67,72.18,0.53,9.57,0.27,0.17,"negative"
1.51735,13.02,3.54,1.69,72.73,0.54,8.44,0,0.07,"negative"
1.52152,13.05,3.65,0.87,72.22,0.19,9.85,0,0.17,"negative"
1.51618,13.01,3.5,1.48,72.89,0.6,8.12,0,0,"negative"
1.51299,14.4,1.74,1.54,74.55,0,7.59,0,0,"negative"
1.51645,13.44,3.61,1.54,72.39,0.66,8.03,0,0,"negative"
1.51754,13.39,3.66,1.19,72.79,0.57,8.27,0,0.11,"negative"
1.51662,12.85,3.51,1.44,73.01,0.68,8.23,0.06,0.25,"negative"
1.51623,14.2,0,2.79,73.46,0.04,9.04,0.4,0.09,"negative"
1.51613,13.92,3.52,1.25,72.88,0.37,7.94,0,0.14,"negative"
1.51818,13.72,0,0.56,74.45,0,10.99,0,0,"negative"
1.51937,13.79,2.41,1.19,72.76,0,9.77,0,0,"negative"
1.51905,13.6,3.62,1.11,72.64,0.14,8.76,0,0,"negative"
1.51593,13.09,3.59,1.52,73.1,0.67,7.83,0,0,"negative"
1.51911,13.9,3.73,1.18,72.12,0.06,8.89,0,0,"negative"
1.51872,12.93,3.66,1.56,72.51,0.58,8.55,0,0.12,"negative"
1.51909,13.89,3.53,1.32,71.81,0.51,8.78,0.11,0,"negative"
1.51763,12.8,3.66,1.27,73.01,0.6,8.56,0,0,"negative"
1.52664,11.23,0,0.77,73.21,0,14.68,0,0,"negative"
1.51736,12.78,3.62,1.29,72.79,0.59,8.7,0,0,"negative"
1.52725,13.8,3.15,0.66,70.57,0.08,11.64,0,0,"negative"
1.51763,12.61,3.59,1.31,73.29,0.58,8.5,0,0,"negative"
1.5159,12.82,3.52,1.9,72.86,0.69,7.97,0,0,"negative"
1.51779,13.21,3.39,1.33,72.76,0.59,8.59,0,0,"negative"
1.51646,13.41,3.55,1.25,72.81,0.68,8.1,0,0,"negative"
1.51602,14.85,0,2.38,73.28,0,8.76,0.64,0.09,"negative"
1.51674,12.79,3.52,1.54,73.36,0.66,7.9,0,0,"negative"
1.51651,14.38,0,1.94,73.61,0,8.48,1.57,0,"negative"
1.51727,14.7,0,2.34,73.28,0,8.95,0.66,0,"negative"
1.51916,14.15,0,2.09,72.74,0,10.88,0,0,"negative"
1.519,13.49,3.48,1.35,71.95,0.55,9,0,0,"negative"
1.51918,14.04,3.58,1.37,72.08,0.56,8.3,0,0,"negative"
1.51808,13.43,2.87,1.19,72.84,0.55,9.03,0,0,"negative"
1.51969,14.56,0,0.56,73.48,0,11.22,0,0,"negative"
1.51966,14.77,3.75,0.29,72.02,0.03,9,0,0,"negative"
1.51806,13,3.8,1.08,73.07,0.56,8.38,0,0.12,"negative"
1.51915,12.73,1.85,1.86,72.69,0.6,10.09,0,0,"negative"
1.51645,14.94,0,1.87,73.11,0,8.67,1.38,0,"negative"
1.51839,12.85,3.67,1.24,72.57,0.62,8.68,0,0.35,"negative"
1.51969,12.64,0,1.65,73.75,0.38,11.53,0,0,"negative"
1.51768,12.56,3.52,1.43,73.15,0.57,8.54,0,0,"negative"
1.52099,13.69,3.59,1.12,71.96,0.09,9.4,0,0,"negative"
1.51776,13.53,3.41,1.52,72.04,0.58,8.79,0,0,"positive"
1.51571,12.72,3.46,1.56,73.2,0.67,8.09,0,0.24,"negative"
1.51846,13.41,3.89,1.33,72.38,0.51,8.28,0,0,"negative"
1.5182,12.62,2.76,0.83,73.81,0.35,9.42,0,0.2,"negative"
1.51514,14.01,2.68,3.5,69.89,1.68,5.87,2.2,0,"negative"
1.52213,14.21,3.82,0.47,71.77,0.11,9.57,0,0,"negative"
1.51508,15.15,0,2.25,73.5,0,8.34,0.63,0,"negative"
1.52667,13.99,3.7,0.71,71.57,0.02,9.82,0,0.1,"negative"
1.52172,13.48,3.74,0.9,72.01,0.18,9.61,0,0.07,"negative"
1.51215,12.99,3.47,1.12,72.98,0.62,8.35,0,0.31,"negative"
1.51627,13,3.58,1.54,72.83,0.61,8.04,0,0,"negative"
1.51754,13.48,3.74,1.17,72.99,0.59,8.03,0,0,"negative"
1.53125,10.73,0,2.1,69.81,0.58,13.3,3.15,0.28,"negative"
1.52101,13.64,4.49,1.1,71.78,0.06,8.75,0,0,"negative"
1.5166,12.99,3.18,1.23,72.97,0.58,8.81,0,0.24,"negative"
1.51756,13.15,3.61,1.05,73.24,0.57,8.24,0,0,"negative"
1.52152,13.05,3.65,0.87,72.32,0.19,9.85,0,0.17,"negative"
1.51708,13.72,3.68,1.81,72.06,0.64,7.88,0,0,"negative"
1.51778,13.21,2.81,1.29,72.98,0.51,9.02,0,0.09,"negative"
1.52739,11.02,0,0.75,73.08,0,14.96,0,0,"negative"
1.51618,13.53,3.55,1.54,72.99,0.39,7.78,0,0,"negative"
1.52365,15.79,1.83,1.31,70.43,0.31,8.61,1.68,0,"negative"
1.51844,13.25,3.76,1.32,72.4,0.58,8.42,0,0,"negative"
1.52151,11.03,1.71,1.56,73.44,0.58,11.62,0,0,"negative"
1.51652,13.56,3.57,1.47,72.45,0.64,7.96,0,0,"negative"
1.51719,14.75,0,2,73.02,0,8.53,1.59,0.08,"negative"
1.5221,13.73,3.84,0.72,71.76,0.17,9.74,0,0,"negative"
1.5232,13.72,3.72,0.51,71.75,0.09,10.06,0,0.16,"negative"
1.51643,12.16,3.52,1.35,72.89,0.57,8.53,0,0,"positive"
1.51811,13.33,3.85,1.25,72.78,0.52,8.12,0,0,"negative"
1.52196,14.36,3.85,0.89,71.36,0.15,9.15,0,0,"negative"
1.51687,13.23,3.54,1.48,72.84,0.56,8.1,0,0,"negative"
1.51869,13.19,3.37,1.18,72.72,0.57,8.83,0,0.16,"negative"
1.51617,14.95,0,2.27,73.3,0,8.71,0.67,0,"negative"
1.51409,14.25,3.09,2.08,72.28,1.1,7.08,0,0,"negative"
1.51689,12.67,2.88,1.71,73.21,0.73,8.54,0,0,"negative"
1.51768,12.65,3.56,1.3,73.08,0.61,8.69,0,0.14,"negative"
1.51847,13.1,3.97,1.19,72.44,0.6,8.43,0,0,"negative"
1.52177,13.2,3.68,1.15,72.75,0.54,8.52,0,0,"negative"
1.51694,12.86,3.58,1.31,72.61,0.61,8.79,0,0,"positive"
1.51818,13.72,0,0.56,74.45,0,10.99,0,0,"negative"
1.52315,13.44,3.34,1.23,72.38,0.6,8.83,0,0,"negative"
1.5202,13.98,1.35,1.63,71.76,0.39,10.56,0,0.18,"negative"
1.5166641408418,12.8801747678841,3.59255766485215,1.35005622265066,72.6381359035109,0.640834849203598,8.67677170610587,0.0033427135523418,-0.0034284765219994,"positive"
1.52158935349704,14.0062781263443,3.733390688992,0.606028658528945,71.8540747299427,0.144672848565654,9.68409452325268,0.00246283706794346,0.0105224983991809,"positive"
1.52094260019594,13.8444126538295,3.81574425370963,0.525510407719193,71.6940178082312,0.103490291728471,9.64631168253325,-0.00445995904178978,0.00873278841062584,"positive"
1.51653844340426,12.0445573552877,3.49839148703355,1.38128809319892,72.918618247264,0.479004190335247,8.57736755998158,-0.000336049060402472,0.0128073129960318,"positive"
1.51599968999788,13.4950595589954,3.4027109271563,1.08389441012555,72.6819788234154,0.620148717989987,8.31135949170321,0.0164708224507217,0.00295303178719026,"positive"
1.51779776615136,13.6343264075102,3.75296835971062,1.09094995287334,72.8185743935493,0.19216547261871,8.62411634552931,-0.000458735317470313,0.013514252645094,"positive"
1.51823455924854,13.7058218468282,3.6229432919931,0.689894030247775,72.9433133387931,0.062211549827283,8.94375582846121,-0.00187222161909994,-0.000928380633305365,"positive"
1.51735763498036,13.0146615845081,3.58750443260957,1.27312702182605,72.6037471750468,0.558676238242534,8.79144430277834,0.00464043053189713,0.0113138974475227,"positive"
1.52118289570129,14.4407713287137,3.87299246955569,0.82796328230403,71.5993625036586,-0.0139227151438575,9.45178118821071,0.00253706461825365,-0.00191589794090701,"positive"
1.51604846132886,13.1954960717057,3.45848253084665,1.6708560269486,72.4921115519126,0.564600748329573,8.45742438208527,-0.00340166901180142,0.161735103771371,"positive"
1.52186745522092,14.0611345304536,3.73869289339822,0.627433796549054,71.8491733053054,0.10842271856244,9.62510572820579,-0.00684201610994984,-0.014796578316278,"positive"
1.51682559069484,13.1242019001018,3.45188614767997,1.65647120325988,72.4641214684242,0.62561092436991,8.42090601368997,0.00535748469478365,0.161402772545884,"positive"
1.51846249267583,13.459294064596,3.33275659144373,1.52189182750029,72.0660044017844,0.592820346991064,9.00010062603513,0.000751013554960637,-0.00907949052837985,"positive"
1.51664647286627,13.1888560316325,3.42112963192667,1.7457189314685,72.4792146302853,0.60890836092938,8.48929667698802,0.00304744966481153,0.176986286867362,"positive"
1.51678427497435,13.0438359073218,3.45027553451034,1.76340852754466,72.3919441536751,0.564621485418819,8.42363303677732,-0.00184095965010856,0.169368172191871,"positive"
1.5163867316288,12.1472464917905,3.54419444295909,1.30392584778081,72.7033841338786,0.600805753453182,8.50928261906791,-0.0104401283309869,-0.00764431195112906,"positive"
1.52138073873688,14.1627625702491,3.93889180551421,0.932372966412393,71.5840398551762,0.0510739112132052,9.48943871100572,0.000436627315641104,-0.0108944250940229,"positive"
1.51758464372894,13.6340002908035,3.62650670649178,1.0299965426909,72.6918699046668,0.195300658752231,8.59231226948076,0.0151066959412777,0.0183448528833582,"positive"
1.5160693225061,11.9475820241323,3.51390964988756,1.36421891006384,72.7587359623587,0.551300590641458,8.40172641536696,-0.00923732771296185,-0.0028711386918564,"positive"
1.51696002699045,13.3476706790881,3.59828923080985,1.21552039151841,72.7715436854247,0.577958488536574,8.54413525880178,-0.00622325534496938,0.0848553388246676,"positive"
1.51974003990354,13.5879229576487,3.51281367398952,0.750135163910685,72.6491473414333,0.205216690031514,8.9552691986786,0.141557117711499,0.234785131439291,"positive"
1.521128730744,13.9947670949779,3.69830617005856,0.608515662192198,71.7468970065247,0.10559097369422,9.60296800462246,-0.00230736467777334,0.0011314738002132,"positive"
1.52094009866489,14.3061258829885,3.87716456493713,0.769310185209686,71.4872085929009,0.0198814880762543,9.51343619601781,0.00872978025818976,0.0101025708413919,"positive"
1.51686905608879,13.2901657822103,3.54639996425801,1.41943523008783,72.6693792502873,0.568122222790268,8.45484033411577,-0.000968852898660982,0.0989699951316218,"positive"
1.51830823128978,13.3855838866614,3.34115869184934,1.55851804462027,72.2116426658822,0.554907091085066,8.92050511446399,-0.00161502576752265,0.0013564796091817,"positive"
1.51730376786063,13.5765385644651,3.40014907562058,1.57462527974849,72.0923063201231,0.58638307536903,8.88140594565874,-0.00814318061246102,-0.0126055909966889,"positive"
1.51832056116581,13.2830852745068,3.34564836024408,1.49281534304325,72.0158848847733,0.596543794215375,8.97477001914428,0.000412436010449611,0.0096584886415995,"positive"
1.51593408711293,13.3082905226318,3.38969437832408,1.16569629526068,72.7154032884119,0.60548442530903,8.33126287598702,0.00654250560068881,0.00121156200889482,"positive"
1.51760024741946,13.6181477024397,3.6691282540369,1.0108832608102,72.8222454322931,0.0923314572823846,8.62483887062278,0.0142829103662943,0.0089373600111248,"positive"
1.51903555742008,13.6627725677447,3.53106968879233,0.731957864435279,72.6980364985038,0.0751576781253034,8.82901037984843,0.158307918707079,0.25875955277111,"positive"
1.51712463798388,13.0725558925879,3.4790377283971,1.68509443081054,72.3057331806186,0.56988323985348,8.3134088189604,-0.00549791108786318,0.172169835099081,"positive"
1.5177028366761,13.6343591035469,3.63200967112449,0.68850215894621,72.9830818392798,0.0592441060107197,8.92702191017991,-0.00317941376388727,-0.00342653801445523,"positive"
1.51622738342959,13.0443205568922,3.45709208372869,1.76398813479864,72.6223016702709,0.504754314221337,8.41534290024512,0.00383867473117968,0.160694708373788,"positive"
1.51615190689418,13.4193191508922,3.37841022585827,1.34251610091529,72.7472758563483,0.673750214171513,8.32452950936407,-6.34544050312531e-05,-0.0069902490396349,"positive"
1.51676927527871,13.2505585431596,3.57507522754127,1.31522654720961,72.5771323694696,0.503606123598288,8.48330982042049,0.00173988607846295,0.0889052340172371,"positive"
1.52101050251093,14.3080468020747,3.89883541374659,0.896115153842502,71.3804107639647,-0.0439689404335313,9.51055105763403,-0.00829276831185378,0.00448603525331261,"positive"
1.51566955431506,12.146568968863,3.47889875342571,1.32049387108249,72.9253023506132,0.625218696197727,8.56345958795456,-0.0026953567379517,-0.0177991043347104,"positive"
1.51815140708855,13.4745072515763,3.33648096253391,1.458502024362,72.1274883969395,0.477048141667033,8.90393160418716,-0.00585419714357281,-0.0211665946250435,"positive"
1.51784017375666,13.7124871173771,3.68879647274575,1.14205738214508,72.839100298227,0.13799547748811,8.64153731339044,-0.00586780680627806,-0.00809356470376426,"positive"
1.51641427914342,12.2510717974515,3.53662573048501,1.26980287324675,72.9111210956519,0.556969048794688,8.48154567592601,-0.00454292590149651,0.013149417985823,"positive"
1.51643415657586,12.9643514797529,3.40349515229261,1.20096266015366,73.015822464492,0.537268477194462,8.55142749329978,-0.00262117296346089,0.00148962083137312,"positive"
1.51708762388849,12.8734663380228,3.55090822706153,1.26898257244669,72.6232021353244,0.643262559069575,8.78356731694249,-3.58169383576064e-05,-0.00599392946095563,"positive"
1.51614769050639,13.1346275548297,3.42852844532964,1.27180020907902,73.0219508845286,0.483693667854951,8.47890419662346,0.00400293377798434,0.00812032221967169,"positive"
1.51698870275977,13.2353685767697,3.57193247199192,1.32411063329405,72.6087376102495,0.533262804368523,8.4338933995901,-0.00321765000340206,0.0957374971496737,"positive"
1.51669859330051,13.0655180145495,3.55897700396199,1.44030545801668,72.8688882583869,0.446476439828591,8.4130146968312,-0.00541566753807142,0.0986055938164216,"positive"
1.51683618418644,13.1682570138108,3.49006445786876,1.69291768093332,72.3785010376492,0.5635956199796,8.33591926174121,0.0102129967942267,0.170885137311997,"positive"
1.52154220642379,14.1639060059572,3.88122243034287,0.842120788340383,71.4987807596853,0.0144014194946478,9.45597539062595,0.0062805086381861,0.0132039377201097,"positive"
1.5167588263703,13.1735318895015,3.57740181705561,1.38800568379662,72.6608727776905,0.579131812084639,8.51641086618231,0.00440355606082407,0.115675417965196,"positive"
1.51752869928653,13.6384902658067,3.44127358866887,1.46037154696849,72.1693971913915,0.656784286597819,8.7127650687955,0.0107425710565937,0.0155534479380573,"positive"
1.51695612518613,13.1904459119557,3.46469385825202,1.73601862657315,72.5527051949109,0.602448052884285,8.36678614387395,-0.00617861383671661,0.181873344456611,"positive"
1.51612349997654,13.2294524687372,3.44250884942998,1.72328692116531,72.4394784515813,0.617563253543913,8.22834494031301,0.0129470283259673,0.173995591420758,"positive"
1.5165065956582,13.1651235153754,3.43979086087229,1.81367787442665,72.4947662306859,0.602832581299227,8.33863965527408,0.00775026253195515,0.19279497764487,"positive"
1.51687270023319,12.8509734785375,3.58866508405295,1.39706075871381,72.6937767178386,0.591558786245412,8.75924537533649,0.00194016083608396,0.0247749270266549,"positive"
1.51771627224146,13.4542608677087,3.42252861693965,1.46176769789793,72.2007532425143,0.608368522131371,8.884621817349,0.00394532773386486,0.0161120947147655,"positive"
1.51960861498264,13.7705249792377,3.54045400889017,0.802065295251572,72.671727672872,0.177585069697546,8.83098011044985,0.150387633042572,0.237336004111854,"positive"
1.51772585745771,13.6536882143629,3.69216932747519,1.10577881888864,72.6950616620773,0.114902408986371,8.54649171177882,-0.000700337928331391,-0.0126130067268585,"positive"
1.51680717803715,13.1814016487512,3.56839374051958,1.2699359085592,72.6293001827593,0.529110589808512,8.35425530490383,-0.00996064302173805,0.102339967229789,"positive"
1.5164116648818,12.2308972641255,3.50291321518918,1.3077073788403,73.0341767528731,0.568479112670145,8.54103106216975,0.0046926245913974,-0.0067335376902021,"positive"
1.51639480773572,13.1280407890533,3.4131104203876,1.28580118105421,72.8611614360827,0.549599845812908,8.65080364092036,0.0135379166807671,0.00333490746508221,"positive"
1.51952308865824,13.795331887534,3.48627789315528,0.758118679985709,72.8696554475088,0.18562383157332,8.81646986179824,0.163205836333664,0.23332373786913,"positive"
1.51676171974494,12.9905897853229,3.40956391334914,1.12335328786738,72.9912133764006,0.501717263962663,8.55388177201473,0.00107297593610373,0.011172430099117,"positive"
1.51546743706222,13.3879718917202,3.41212553535048,1.25246868639211,72.6573369209093,0.564654178180444,8.40382314854529,-0.000681708709063262,0.0265522728312147,"positive"
1.517940761261,13.6058943418017,3.64451319807306,0.68664999670455,73.0113259005971,0.0794247635962745,8.8880182970449,0.00115007206948858,0.0116906906388212,"positive"
1.51778863806956,13.6192182472531,3.63274240787589,1.09296280614692,72.8370946349426,0.149732400313109,8.64205623187927,0.00724142779470896,0.00899628338813258,"positive"
1.51767805749948,13.6099578860036,3.64036237957455,0.61041173303253,73.0217681572649,0.0645856476946257,8.9538960752474,0.00933544785566522,0.000453035689365905,"positive"
1.51857033348715,13.3057718876589,3.37781488768962,1.65030896478499,71.9993863615967,0.548132557435539,8.90991384982647,0.0025779086165493,0.0264477072104392,"positive"
1.51768754175732,13.7581442364135,3.63185871331657,0.644964596159124,73.0254132236147,0.0266404511741403,9.00465618225414,0.00704142646708591,-0.000965156661846498,"positive"
1.5168651561225,12.8028430002209,3.523107687691,1.30921573823407,72.6423777943921,0.594117535595562,8.83878399317796,-0.000171099526976338,0.0166907949869187,"positive"
1.51665569452057,12.1281931582719,3.53981827903126,1.2871428632568,72.9374103913659,0.513833801540162,8.50004873481526,0.00314524022145372,0.0191043977789137,"positive"
1.51688265457516,12.2134695030868,3.50776833458279,1.27479625326535,72.8158585462572,0.543585791230116,8.47453992521107,0.00749237754307577,0.00194494582278375,"positive"
1.5212810860932,14.1221650025862,3.74753468841903,0.494779812718836,71.6195641355886,0.152992144510408,9.62604779707732,0.0229994428273045,-0.0394528993762066,"positive"
1.51598886921969,13.356732452527,3.37034588014843,1.19639098337894,72.6666685323763,0.632119652000988,8.36994285927144,-0.00034125689909563,-0.00400117853247941,"positive"
1.51638699172572,13.1983668967277,3.56944958362594,1.45614338592804,72.6321211215889,0.52701519876294,8.4053832590067,-0.00422220226623463,0.105543282807075,"positive"
1.52118286275084,14.3629060057668,3.91710979883839,0.928124386232645,71.4449456498481,0.00798245060477587,9.37501734540625,0.00281718016451136,-0.0158153070389366,"positive"
1.51640261032159,13.2233958203812,3.43566580727456,1.84774961755456,72.4114396351638,0.602628686758853,8.37123278391588,-0.00256451867961798,0.154341503304898,"positive"
1.51927184161564,13.6194193172299,3.52519621900691,0.822553152230636,72.6213903088056,0.0970193493476062,8.93735637618936,0.154014524738344,0.25099197335219,"positive"
1.51779381175906,13.5328248769938,3.68675733300351,1.09670654871287,72.7476288328738,0.140714380513509,8.52888801709015,0.00215644024567607,-0.0339075700562382,"positive"
1.52098576710355,14.1700471222681,3.75396091921431,0.511509103792957,71.8472254071436,0.0375609024109037,9.63540386228411,0.00831721364148314,0.00283246798927033,"positive"
1.52196733570158,14.4375910658648,3.89609849854793,0.811658961922721,71.5709072733081,-0.0472266540312467,9.41501833622739,-0.00606508526185012,-0.00326268975914601,"positive"
1.51614106668858,13.3617914630679,3.38473140341542,1.08502400591171,72.6328868056269,0.627809797476981,8.32716607102793,-0.00761835340943563,-0.007986398463079,"positive"
1.51808750254067,13.634668296585,3.67197004000318,0.632443366627109,72.9778012863837,0.0395118991533128,8.92187113663103,0.00990591498552017,0.000768215842738682,"positive"
1.5170874377802,13.5058273355248,3.63574229939376,1.20286980147493,72.7959816771988,0.101803748539282,8.59793343614522,0.00142364144910537,0.000660659039905352,"positive"
1.51795505247688,13.5766836819597,3.43072117643283,1.52732679347106,72.1405490807188,0.518561491293867,8.75182022168275,-0.0058289605747315,0.00299556555171339,"positive"
1.51608352702052,12.2921173427424,3.53965863019881,1.41131469975195,72.8859694988544,0.515037910766407,8.48648049172396,-0.00678545612627179,0.00150422101208539,"positive"
1.51803211836084,13.5058395522227,3.63859083062437,0.677378505066508,72.8778801443314,0.0732923576263258,8.98346324977248,-0.00349050029257363,-0.00649123890693805,"positive"
1.51944479912506,13.5761213601412,3.56070092319315,0.706420162327143,72.6666662199921,0.153388213559298,8.89645022634743,0.153731284109052,0.243134705749971,"positive"
1.51599272694379,13.3674613074499,3.42407656538298,1.31755171297342,72.6814394240521,0.567596863098967,8.3085315055466,-0.00333199487272704,0.0168292144718463,"positive"
1.52161858235151,14.2641873982214,3.91404477378525,0.825614250844667,71.6274118246675,-0.0505325611813077,9.29287061216401,0.0084794861408438,0.00809100149844847,"positive"
1.51750541597793,13.4833905024471,3.70940487513377,1.05541800748084,72.7946861614392,0.0684346547697904,8.52174068482767,0.00154091966993553,0.0181552246914059,"positive"
1.51678716588219,12.9010494654949,3.53211981369105,1.31395339965346,72.5652134106078,0.687127007241645,8.83680436703409,0.00123782329433921,-0.00333356755907341,"positive"
1.51752648946894,13.5144828965482,3.62157666038737,0.565034733341056,72.9684058881651,0.0476326700091634,8.90504185659194,-9.80733316155058e-05,0.00707115782569093,"positive"
1.52109411647947,14.3179516679166,3.86641379507726,0.878328222459276,71.4636778304471,0.0293190903046871,9.41586960190964,-0.00188047102420033,0.00610439897778935,"positive"
1.51803879943098,13.6885897734384,3.6540912851665,0.678062626651283,73.013372734469,0.0897358121028189,8.90304751789723,-0.00105960954542489,-0.0090136158487435,"positive"
1.51621416268069,13.4037596648193,3.43866395503115,1.20015007267753,72.702681412764,0.618911537554012,8.29695808951648,0.00730809861485742,-0.00990655057431504,"positive"
1.51672458635478,13.1130920783599,3.44093943742313,1.23267252498736,73.0758337724308,0.531167269302652,8.5492364667081,-0.00846000917882895,0.0226815623352699,"positive"
1.51635730972622,13.0378928808356,3.41191413298979,1.31238541392445,73.0330152131892,0.472561125087864,8.61046722346577,0.00686758364480091,-0.0100323772674544,"positive"
1.51778907131308,13.5969300414612,3.68143907615826,1.05055851451303,72.743641474764,0.0717602940772538,8.69330617400735,-0.00221606758362177,0.0115296141653869,"positive"
1.51940427111864,13.6929633503575,3.53646514399597,0.694955466452847,72.5823861863884,0.188462477958647,8.95061951708618,0.154642913426119,0.2367720379354,"positive"
1.5174145687006,13.6044513023679,3.66144261662294,0.673736563403543,73.0456242508714,0.0104399528710098,9.00644972270123,-0.000369136804981801,-0.0133289410949579,"positive"
1.51825813292275,13.785249570214,3.65917990951963,0.624749122797604,72.995508150265,0.0799830640736349,8.9097626115988,-0.00850455303890422,-0.0186059746932774,"positive"
1.52124539042958,14.0285037806254,3.74143109491132,0.631758264732698,71.8031429056515,0.0897896775165331,9.70180061951291,0.00219218752675486,-0.0146293273870633,"positive"
1.52141152732507,14.0998805312424,3.752843787686,0.568887214996836,71.8693328535349,0.0949096334869273,9.58981091955824,-0.00403425035040424,-0.0236486155707652,"positive"
1.51695141900627,13.2568112577494,3.56670995777374,1.44685161778453,72.825941300479,0.530091340909165,8.43145875503801,0.00710533714257403,0.0892789477649816,"positive"
1.51692668967624,12.613517426789,3.6140089631483,1.3377256032403,72.5414369615954,0.601282321291459,8.92407680013476,-0.005230667234928,0.0118048233829098,"positive"
1.51661950072613,13.1280593936384,3.54469812677705,1.25438427081849,72.8181811765811,0.593227504397707,8.43921300051055,-0.0112974626364143,0.092954364491036,"positive"
1.51957524021182,13.6052486278238,3.48841154933317,0.675286303878565,72.5876967301887,0.177187279620274,8.87126927160663,0.144603281526272,0.261062365043607,"positive"
1.51582432148584,13.4394039339679,3.41874550635901,1.2917709543482,72.7091461526885,0.581194326299297,8.28415845484885,-0.00361476514778932,-0.00209409194557635,"positive"
1.51697891179415,12.8480348757549,3.3800861930694,1.29864985935463,73.0259846232646,0.552955553977927,8.62731738772788,-0.00521927768811243,-0.0113753524635384,"positive"
1.51923901717181,13.7188024039669,3.52935926477205,0.695893083797962,72.6300950291887,0.222728935506189,9.01921489522371,0.148498642327895,0.236548636498206,"positive"
1.51822541786028,13.5904727382899,3.67207423497776,0.574703177404338,73.1002228717918,0.0597587468416255,8.95528586901956,-0.00376202795025524,-0.00714322160046634,"positive"
1.5181880571807,13.5783084670919,3.63138117405177,0.707833321934053,72.9526355324801,0.0778220024217182,8.91397137766364,-0.00259559019653518,-0.00538370644732496,"positive"
1.51936183892923,13.512531597932,3.53167817974771,0.704581308598078,72.697480866022,0.170538840785158,9.0172268018251,0.152072665951886,0.240727598724634,"positive"
1.51948930859865,13.5208664627804,3.57665821572588,0.850806093266496,72.649047142594,0.122957323553354,8.84221870001527,0.142646604668164,0.240997266764708,"positive"
1.51805030984274,13.3346158881573,3.35289037661889,1.63911733291382,72.0730425483683,0.524901188836058,9.05941961525411,0.00480376674257188,0.00919734309966159,"positive"
1.51618502445354,13.4617382492148,3.41322912879843,1.13861037897364,72.7773153084204,0.662720341780205,8.29415044080709,-1.61510141421559e-05,0.00654467549075872,"positive"
1.51637470833605,13.2480973284777,3.39666525589557,1.17268585113749,72.539884158361,0.62338254399585,8.25731571255694,-0.000241571547039232,0.00941866850774478,"positive"
1.52129608026194,14.2377015540178,3.87226440738435,0.760035973481172,71.4621786648954,0.0281098397616098,9.5647431378789,-0.0128675309051497,0.0016028904500559,"positive"
1.51634045831223,13.0839016819083,3.36348323670478,1.29733460175096,72.8991996020106,0.525590037240958,8.46958453059519,-0.00190354742091803,-0.00978512820203745,"positive"
1.51592737965606,13.3828776787634,3.39454953049224,1.14778175639867,72.7039683508676,0.608386376407858,8.30108884024873,-0.00351127690265516,0.00544942036565296,"positive"
1.51768054420167,13.8274325057346,3.70884069289492,0.996142057194042,72.7890074444823,0.115752262216856,8.6009518614898,0.00535428719683149,0.00500424241522726,"positive"
1.51797143355657,13.7520777541886,3.6654094339761,1.22309386256059,72.689582136037,0.11159090048057,8.57286377060355,0.0087889681889513,-0.00489476399062955,"positive"
1.51763260410056,13.5787957168751,3.41401059582651,1.576283966908,72.0867923488399,0.58846317161461,8.68950808724871,0.00778057537452146,-0.00470647771047945,"positive"
1.51765814671379,13.6504002367819,3.66811580730406,1.15571786264493,72.6957521948028,0.0717238790564257,8.56064998489822,-0.00703547830991356,0.0132817119793071,"positive"
1.51734934572338,13.6728911076902,3.65060116657558,1.07285002036299,72.8173852775769,0.200957588599999,8.50447572557747,-0.0050304782563684,0.0162564545494141,"positive"
1.52134011712881,13.9721573314129,3.72587127959866,0.579368817912005,71.807095853282,0.140378077285102,9.76798625253134,-0.000565700136196257,0.00138743473233479,"positive"
1.52155427669719,14.0814603666766,3.82528639614557,0.614670788655617,71.8414160682699,0.100484316230066,9.53608334547789,-0.00669625634988371,-0.0047571256312233,"positive"
1.51649406356392,13.5412902430884,3.38966232533811,1.14831501044313,72.6225391714783,0.635943893452685,8.19078945610262,-0.0101380794474102,0.0200387020429846,"positive"
1.51686445281703,13.2287773529414,3.44271431050872,1.75304760963602,72.4868543172621,0.576239647766853,8.4228007960484,0.00500075730461253,0.154917258742465,"positive"
1.51644781867041,12.7933619353412,3.53626798672391,1.31983270194308,72.5767312245163,0.674818182135091,8.84567179105295,0.000430699398106164,-0.0110592332557205,"positive"
1.5167768838082,13.0073475782101,3.44394875495629,1.85471027358484,72.3744125752811,0.585061245537796,8.36797610744615,0.00388253326303133,0.180308764488874,"positive"
1.51706006780064,12.8510147000328,3.57396593959759,1.34592716612404,72.6209755400326,0.522062607583668,8.77731154559676,-0.00760250810568289,-0.0112215834370441,"positive"
1.5175969750426,13.6861269251714,3.6537657071202,1.18174061985709,72.8975030984715,0.161672434830022,8.64448145974265,-0.00215142550314863,0.010836761408016,"positive"
1.51773487765406,13.7607018259796,3.61639983182559,1.11786356828045,72.7234148191391,0.152888507302649,8.68581152604548,-0.00740143455432698,-0.0114119431412441,"positive"
1.51809256128235,13.2219517926256,3.3835446526711,1.47775575104486,72.1256365518622,0.530669125040671,8.89241930725125,-0.00524129458137428,0.00653605420496827,"positive"
1.51786879276376,13.6798580455304,3.70303040007252,1.09099515774049,72.8195447987211,0.0565754101533254,8.68003100582401,0.00144845242643063,-0.00220686503114103,"positive"
1.51770389775511,13.6591332148748,3.66682581262769,0.556856831696156,73.0025982419917,-0.00949136642685998,8.94202533641665,-0.00515015904362675,0.0108147670316463,"positive"
1.51601697315966,12.2578339130557,3.49314261909195,1.40196902548913,73.0297069146813,0.559809846123431,8.50918125095998,-0.00627784890722435,0.0161197571624371,"positive"
1.51822327656114,13.3277130283895,3.35743357988803,1.61927110968779,72.1929930187356,0.490531323646802,9.06761669984641,-0.00825402914646234,-0.00125476867077566,"positive"
1.51678915789047,12.1307225670838,3.51398627894958,1.34649078806164,73.0568640815626,0.539148190449032,8.58765519494846,-0.00906323240533378,0.00745909641921036,"positive"
1.51601200768375,13.3260288788663,3.39219741824658,1.16511875779553,72.7150805955962,0.59619606399655,8.39840249294251,-0.00545256773027792,-0.0218264481412451,"positive"
1.51629288054989,13.3776020373228,3.43324766556359,1.28082578668141,72.6084908471975,0.622406817084838,8.30213730059788,0.0107667645708344,-0.00318591404411361,"positive"
1.5171891681314,12.8303272083709,3.55004043541357,1.31779531254939,72.6402867767143,0.578940037366527,8.83761824534012,-0.00414311838824531,-0.0146757995553665,"positive"
1.51646115786347,13.2326068212132,3.38752657155793,1.23838817202374,72.9435402681831,0.51531796372253,8.59814279257321,-0.00703441138657864,0.00247976475271594,"positive"
1.51633725879752,12.360471278669,3.50215930091486,1.41286432550692,72.8176094945203,0.579657364368384,8.49826976363373,-0.00888176623759257,-0.000169711235267238,"positive"
1.5192005691502,13.6263401630862,3.54048193657159,0.707486824095712,72.636380046566,0.225112425284917,8.99780639445152,0.149048042101385,0.237147639920255,"positive"
1.52146468081652,14.2344808245289,3.86162310759771,0.894283976606872,71.5671325870933,-0.0363093475444982,9.49992195399551,-0.0024898354547328,-0.00228380396954913,"positive"
1.51615006790957,11.9983356972679,3.50283910962244,1.30286366244966,72.9147212283435,0.509229198058699,8.52664510892392,0.0015928937020162,0.0115365312988997,"positive"
