"Height","Lenght","Area","Eccen","P_black","P_and","Mean_tr","Blackpix","Blackand","Wb_trans","Class"
21,4,84,0.19,0.31,0.643,3.71,26,54,7,"negative"
1,29,29,29,1,1,29,29,29,1,"negative"
48,402,19296,8.375,0.055,0.094,4.13,1058,1814,256,"negative"
1,152,152,152,0.822,1,11.36,125,152,11,"negative"
9,6,54,0.667,0.407,0.519,5.5,22,28,4,"negative"
1,22,22,22,0.818,1,4.5,18,22,4,"negative"
1,34,34,34,0.353,1,1.71,12,34,7,"negative"
14,19,266,1.357,0.113,0.504,30,30,134,1,"negative"
22,22,484,1,0.107,0.473,1.79,52,229,29,"negative"
1,85,85,85,0.882,1,12.5,75,85,6,"negative"
11,48,528,4.364,0.237,0.39,7.35,125,206,17,"negative"
81,49,3969,0.605,0.113,0.398,2.26,449,1580,199,"negative"
1,106,106,106,0.434,1,1.02,46,106,45,"negative"
28,61,1708,2.179,0.172,0.509,1.97,294,870,149,"negative"
1,78,78,78,0.949,1,24.67,74,78,3,"negative"
3,286,858,95.333,0.406,0.427,87,348,366,4,"negative"
1,159,159,159,0.994,1,158,158,159,1,"negative"
1,184,184,184,0.967,1,44.5,178,184,4,"negative"
1,77,77,77,0.403,1,5.17,31,77,6,"negative"
2,204,408,102,0.412,0.681,10.5,168,278,16,"negative"
6,5,30,0.833,0.233,0.633,1.75,7,19,4,"negative"
1,75,75,75,0.92,1,11.5,69,75,6,"negative"
5,3,15,0.6,0.467,0.6,3.5,7,9,2,"negative"
1,10,10,10,1,1,10,10,10,1,"negative"
1,14,14,14,0.643,1,4.5,9,14,2,"negative"
1,107,107,107,0.869,1,18.6,93,107,5,"negative"
32,106,3392,3.313,0.198,0.395,4.56,671,1341,147,"negative"
2,157,314,78.5,0.506,0.551,26.5,159,173,6,"negative"
2,64,128,32,0.531,0.586,17,68,75,4,"negative"
1,40,40,40,1,1,40,40,40,1,"negative"
197,198,39006,1.005,0.273,0.332,46.93,10654,12964,227,"negative"
1,131,131,131,0.977,1,64,128,131,2,"negative"
7,9,63,1.286,0.143,0.238,9,9,15,1,"negative"
2,535,1070,267.5,0.648,0.92,11.75,693,984,59,"negative"
67,30,2010,0.448,0.169,0.46,2.26,339,924,150,"negative"
6,6,36,1,0.194,0.417,3.5,7,15,2,"negative"
25,300,7500,12,0.065,0.071,40.33,484,531,12,"negative"
3,544,1632,181.33,0.326,0.406,16.12,532,662,33,"negative"
6,17,102,2.833,0.137,0.627,2.8,14,64,5,"negative"
2,52,104,26,0.231,0.529,1.5,24,55,16,"negative"
1,36,36,36,0.583,1,4.2,21,36,5,"negative"
101,99,9999,0.98,0.14,0.778,2.02,1398,7780,691,"negative"
100,49,4900,0.49,0.093,0.4,1.77,458,1958,259,"negative"
8,231,1848,28.875,0.872,0.882,179,1611,1630,9,"negative"
11,552,6072,50.182,0.816,0.816,4955,4955,4955,1,"negative"
3,113,339,37.667,0.41,0.472,13.9,139,160,10,"negative"
1,102,102,102,0.961,1,24.5,98,102,4,"negative"
8,4,32,0.5,0.438,0.594,7,14,19,2,"negative"
31,105,3255,3.387,0.224,0.417,5.35,728,1358,136,"negative"
7,13,91,1.857,0.154,0.484,2,14,44,7,"negative"
1,52,52,52,0.788,1,10.25,41,52,4,"negative"
9,4,36,0.444,0.25,0.75,9,9,27,1,"negative"
36,43,1548,1.194,0.117,0.183,3.07,181,283,59,"negative"
1,17,17,17,0.882,1,7.5,15,17,2,"negative"
21,68,1428,3.238,0.052,0.109,5.69,74,156,13,"negative"
3,11,33,3.667,0.364,0.667,3,12,22,4,"negative"
1,47,47,47,1,1,47,47,47,1,"negative"
83,314,26062,3.783,0.298,0.671,8.75,7772,17482,888,"negative"
8,1,8,0.125,0.875,1,7,7,8,1,"negative"
1,33,33,33,0.667,1,3.67,22,33,6,"negative"
1,8,8,8,1,1,8,8,8,1,"negative"
1,14,14,14,0.929,1,13,13,14,1,"negative"
4,5,20,1.25,0.35,0.8,2.33,7,16,3,"negative"
1,148,148,148,0.959,1,47.33,142,148,3,"negative"
2,535,1070,267.5,0.545,0.629,24.29,583,673,24,"negative"
1,48,48,48,0.875,1,10.5,42,48,4,"negative"
1,46,46,46,0.239,1,1.38,11,46,8,"negative"
72,96,6912,1.333,0.488,0.582,15.69,3374,4025,215,"positive"
1,39,39,39,0.308,1,1.71,12,39,7,"negative"
1,34,34,34,0.471,1,1.07,16,34,15,"negative"
7,14,98,2,0.102,0.204,10,10,20,1,"negative"
53,48,2544,0.906,0.157,0.269,7.84,400,685,51,"negative"
1,63,63,63,0.952,1,20,60,63,3,"negative"
1,283,283,283,0.993,1,140.5,281,283,2,"negative"
1,61,61,61,1,1,61,61,61,1,"negative"
25,9,225,0.36,0.187,0.436,2.47,42,98,17,"negative"
2,25,50,12.5,0.36,1,4.5,18,50,4,"negative"
31,105,3255,3.387,0.242,0.456,4.89,787,1485,161,"negative"
45,79,3555,1.756,0.087,0.195,4.81,308,693,64,"negative"
86,67,5762,0.779,0.164,0.935,2.37,947,5386,399,"negative"
10,7,70,0.7,0.157,0.6,1.57,11,42,7,"negative"
3,59,177,19.667,0.475,0.475,84,84,84,1,"negative"
1,193,193,193,0.57,1,2.97,110,193,37,"negative"
2,22,44,11,0.477,1,21,21,44,1,"negative"
118,105,12390,0.89,0.052,0.105,3.33,642,1296,193,"negative"
54,357,19278,6.611,0.324,0.644,6.22,6238,12422,1003,"negative"
8,5,40,0.625,0.275,0.45,3.67,11,18,3,"negative"
1,16,16,16,1,1,16,16,16,1,"negative"
3,541,1623,180.33,0.71,0.747,88.62,1152,1213,13,"negative"
16,30,480,1.875,0.133,0.471,2.29,64,226,28,"negative"
2,446,892,223,0.439,0.603,17.82,392,538,22,"negative"
37,1,37,0.027,1,1,37,37,37,1,"negative"
1,45,45,45,0.756,1,5.67,34,45,6,"negative"
28,32,896,1.143,0.481,0.742,7.43,431,665,58,"positive"
1,136,136,136,0.963,1,32.75,131,136,4,"negative"
6,13,78,2.167,0.103,0.449,4,8,35,2,"negative"
1,277,277,277,1,1,277,277,277,1,"negative"
1,54,54,54,0.944,1,17,51,54,3,"negative"
1,255,255,255,0.686,1,4.86,175,255,36,"negative"
1,36,36,36,0.722,1,8.67,26,36,3,"negative"
68,34,2312,0.5,0.224,0.526,2.44,519,1215,213,"negative"
1,42,42,42,0.31,1,2.6,13,42,5,"negative"
1,199,199,199,0.945,1,37.6,188,199,5,"negative"
2,99,198,49.5,0.253,0.616,4.55,50,122,11,"negative"
2,535,1070,267.5,0.55,0.586,117.8,589,627,5,"negative"
5,4,20,0.8,0.45,0.65,4.5,9,13,2,"negative"
2,236,472,118,0.566,0.689,10.27,267,325,26,"negative"
11,252,2772,22.909,0.092,0.095,63.75,255,262,4,"negative"
1,27,27,27,0.407,1,1.83,11,27,6,"negative"
1,115,115,115,0.2,1,4.6,23,115,5,"negative"
7,47,329,6.714,0.158,0.289,5.78,52,95,9,"negative"
3,54,162,18,0.364,0.519,8.43,59,84,7,"negative"
53,48,2544,0.906,0.181,0.374,4.69,460,951,98,"negative"
1,279,279,279,0.964,1,38.43,269,279,7,"negative"
2,537,1074,268.5,0.507,0.528,181.33,544,567,3,"negative"
17,342,5814,20.118,0.916,0.996,30.27,5328,5790,176,"negative"
3,259,777,86.333,0.96,0.978,67.82,746,760,11,"negative"
1,196,196,196,0.98,1,64,192,196,3,"negative"
3,116,348,38.667,0.356,0.371,62,124,129,2,"negative"
1,9,9,9,0.889,1,8,8,9,1,"negative"
1,32,32,32,0.469,1,1.88,15,32,8,"negative"
6,5,30,0.833,0.367,1,2.2,11,30,5,"negative"
6,39,234,6.5,0.192,0.197,45,45,46,1,"negative"
2,537,1074,268.5,0.537,0.609,22.19,577,654,26,"negative"
19,462,8778,24.316,0.523,0.688,16.88,4591,6035,272,"negative"
2,537,1074,268.5,0.51,0.534,49.82,548,574,11,"negative"
2,49,98,24.5,0.51,0.51,50,50,50,1,"negative"
168,145,24360,0.863,0.798,0.963,13.06,19430,23457,1488,"positive"
2,101,202,50.5,0.54,0.743,10.9,109,150,10,"negative"
4,9,36,2.25,0.611,0.611,22,22,22,1,"negative"
25,169,4225,6.76,0.215,0.947,1.57,907,4000,579,"negative"
55,48,2640,0.873,0.142,0.364,4.26,375,960,88,"negative"
1,187,187,187,0.963,1,25.71,180,187,7,"negative"
1,19,19,19,0.737,1,4.67,14,19,3,"negative"
1,17,17,17,0.765,1,6.5,13,17,2,"negative"
1,15,15,15,0.867,1,6.5,13,15,2,"negative"
2,21,42,10.5,0.452,1,6.33,19,42,3,"negative"
3,113,339,37.667,0.357,0.378,30.25,121,128,4,"negative"
43,62,2666,1.442,0.08,0.17,6.63,212,454,32,"negative"
1,65,65,65,0.646,1,3,42,65,14,"negative"
1,14,14,14,1,1,14,14,14,1,"negative"
93,104,9672,1.118,0.451,0.611,4.25,4366,5908,1028,"positive"
10,2,20,0.2,0.55,0.6,11,11,12,1,"negative"
2,536,1072,268,0.538,0.737,30.37,577,790,19,"negative"
3,129,387,43,0.305,0.377,11.8,118,146,10,"negative"
1,28,28,28,0.464,1,2.17,13,28,6,"negative"
1,94,94,94,0.564,1,3.31,53,94,16,"negative"
12,4,48,0.333,0.292,1,2,14,48,7,"negative"
1,75,75,75,0.813,1,5.55,61,75,11,"negative"
9,13,117,1.444,0.103,0.752,4,12,88,3,"negative"
36,48,1728,1.333,0.143,0.437,3.58,247,755,69,"negative"
29,31,899,1.069,0.463,0.726,6.93,416,653,60,"positive"
1,17,17,17,1,1,17,17,17,1,"negative"
160,286,45760,1.788,0.201,0.226,55.42,9199,10347,166,"negative"
2,63,126,31.5,0.341,0.508,10.75,43,64,4,"negative"
5,110,550,22,0.547,0.556,100.33,301,306,3,"negative"
3,304,912,101.33,0.555,0.686,42.17,506,626,12,"negative"
1,20,20,20,0.85,1,8.5,17,20,2,"negative"
1,11,11,11,0.727,1,4,8,11,2,"negative"
2,536,1072,268,0.498,0.533,41.08,534,571,13,"negative"
2,199,398,99.5,0.485,0.508,32.17,193,202,6,"negative"
1,17,17,17,0.824,1,4.67,14,17,3,"negative"
1,70,70,70,1,1,70,70,70,1,"negative"
1,28,28,28,0.964,1,27,27,28,1,"negative"
85,69,5865,0.812,0.165,0.441,1.44,969,2588,674,"negative"
16,29,464,1.813,0.144,0.496,2.58,67,230,26,"negative"
1,114,114,114,0.939,1,21.4,107,114,5,"negative"
2,22,44,11,0.75,0.75,33,33,33,1,"negative"
1,11,11,11,1,1,11,11,11,1,"negative"
2,536,1072,268,0.586,0.686,21.66,628,735,29,"negative"
7,1,7,0.143,1,1,7,7,7,1,"negative"
1,379,379,379,0.963,1,60.83,365,379,6,"negative"
4,524,2096,131,0.542,0.603,40.57,1136,1264,28,"negative"
5,12,60,2.4,0.133,0.267,4,8,16,2,"negative"
2,14,28,7,0.464,0.536,13,13,15,1,"negative"
1,17,17,17,0.941,1,16,16,17,1,"negative"
1,10,10,10,0.8,1,4,8,10,2,"negative"
7,11,77,1.571,0.117,0.494,1.8,9,38,5,"negative"
1,33,33,33,1,1,33,33,33,1,"negative"
1,180,180,180,0.983,1,88.5,177,180,2,"negative"
1,13,13,13,0.692,1,4.5,9,13,2,"negative"
17,341,5797,20.059,0.935,0.998,36.38,5420,5784,149,"negative"
36,172,6192,4.778,0.128,0.337,4.84,793,2086,164,"negative"
1,278,278,278,0.946,1,29.22,263,278,9,"negative"
1,159,159,159,0.975,1,77.5,155,159,2,"negative"
186,469,87234,2.522,0.378,0.529,22.29,33017,46133,1481,"positive"
2,537,1074,268.5,0.52,0.621,26.57,558,667,21,"negative"
2,536,1072,268,0.532,0.558,30,570,598,19,"negative"
2,537,1074,268.5,0.621,0.747,16.68,667,802,40,"negative"
2,17,34,8.5,0.588,0.971,6.67,20,33,3,"negative"
1,11,11,11,0.909,1,10,10,11,1,"negative"
1,206,206,206,0.99,1,204,204,206,1,"negative"
4,11,44,2.75,0.159,0.932,1.75,7,41,4,"negative"
1,8,8,8,1,1,8,8,8,1,"negative"
2,6,12,3,0.667,1,4,8,12,2,"negative"
1,17,17,17,0.765,1,3.25,13,17,4,"negative"
6,7,42,1.167,0.238,0.69,10,10,29,1,"negative"
31,71,2201,2.29,0.159,0.296,10.29,350,651,34,"negative"
8,16,128,2,0.156,0.859,5,20,110,4,"negative"
83,315,26145,3.795,0.295,0.594,9.21,7725,15523,839,"negative"
1,79,79,79,0.608,1,6.86,48,79,7,"negative"
2,6,12,3,0.667,1,4,8,12,2,"negative"
2,9,18,4.5,0.556,0.556,10,10,10,1,"negative"
2,537,1074,268.5,0.523,0.567,62.44,562,609,9,"negative"
1,30,30,30,0.4,1,2.4,12,30,5,"negative"
54,48,2592,0.889,0.143,0.264,6.85,370,685,54,"negative"
1,145,145,145,0.972,1,35.25,141,145,4,"negative"
30,61,1830,2.033,0.157,0.483,1.88,288,884,153,"negative"
1,18,18,18,0.5,1,3,9,18,3,"negative"
1,26,26,26,1,1,26,26,26,1,"negative"
1,67,67,67,0.985,1,66,66,67,1,"negative"
21,2,42,0.095,0.738,0.738,31,31,31,1,"negative"
1,15,15,15,0.533,1,2,8,15,4,"negative"
1,52,52,52,0.981,1,51,51,52,1,"negative"
1,22,22,22,0.955,1,21,21,22,1,"negative"
1,8,8,8,1,1,8,8,8,1,"negative"
1,44,44,44,0.25,1,2.2,11,44,5,"negative"
1,14,14,14,0.857,1,12,12,14,1,"negative"
7,15,105,2.143,0.114,0.295,2.4,12,31,5,"negative"
1,29,29,29,0.586,1,2.13,17,29,8,"negative"
1,138,138,138,1,1,138,138,138,1,"negative"
37,20,740,0.541,0.131,0.193,4.22,97,143,23,"negative"
2,116,232,58,0.616,0.802,17.88,143,186,8,"negative"
3,550,1650,183.33,0.339,0.401,15.11,559,662,37,"negative"
1,35,35,35,0.857,1,10,30,35,3,"negative"
31,37,1147,1.194,0.189,0.555,2.07,217,637,105,"negative"
28,32,896,1.143,0.462,0.722,7.02,414,647,59,"positive"
5,7,35,1.4,0.229,0.6,2.67,8,21,3,"negative"
64,73,4672,1.141,0.403,0.445,72.38,1882,2077,26,"positive"
9,17,153,1.889,0.144,0.458,3.14,22,70,7,"negative"
28,330,9240,11.786,0.057,0.066,31,527,614,17,"negative"
29,32,928,1.103,0.476,0.72,7.25,442,668,61,"positive"
65,50,3250,0.769,0.454,0.487,245.83,1475,1582,6,"positive"
1,277,277,277,0.993,1,137.5,275,277,2,"negative"
83,314,26062,3.783,0.282,0.619,8.77,7353,16139,838,"negative"
30,60,1800,2,0.154,0.457,1.85,278,823,150,"negative"
2,48,96,24,0.625,0.677,30,60,65,2,"negative"
1,147,147,147,0.864,1,11.55,127,147,11,"negative"
1,47,47,47,0.532,1,25,25,47,1,"negative"
1,39,39,39,0.897,1,8.75,35,39,4,"negative"
1,14,14,14,0.571,1,2,8,14,4,"negative"
2,536,1072,268,0.568,0.688,24.36,609,737,25,"negative"
1,7,7,7,1,1,7,7,7,1,"negative"
1,8,8,8,1,1,8,8,8,1,"negative"
28,31,868,1.107,0.508,0.767,7.47,441,666,59,"positive"
6,47,282,7.833,0.202,0.202,57,57,57,1,"negative"
1,7,7,7,1,1,7,7,7,1,"negative"
1,23,23,23,0.826,1,19,19,23,1,"negative"
1,12,12,12,0.667,1,4,8,12,2,"negative"
17,60,1020,3.529,0.139,0.371,7.1,142,378,20,"negative"
8,9,72,1.125,0.125,0.319,4.5,9,23,2,"negative"
18,342,6156,19,0.847,0.897,43.48,5217,5522,120,"negative"
2,537,1074,268.5,0.594,0.655,21.27,638,703,30,"negative"
1,51,51,51,0.471,1,2.4,24,51,10,"negative"
2,123,246,61.5,0.5,0.504,123,123,124,1,"negative"
4,115,460,28.75,0.426,0.487,17.82,196,224,11,"negative"
1,69,69,69,0.667,1,4.18,46,69,11,"negative"
304,463,140752,1.523,0.063,0.121,3.91,8898,17081,2273,"negative"
37,72,2664,1.946,0.12,0.257,7.64,321,685,42,"negative"
2,538,1076,269,0.518,0.596,29.32,557,641,19,"negative"
1,69,69,69,0.841,1,8.29,58,69,7,"negative"
34,25,850,0.735,0.256,0.534,2.06,218,454,106,"negative"
1,537,537,537,1,1,537,537,537,1,"negative"
1,41,41,41,0.927,1,12.67,38,41,3,"negative"
1,52,52,52,0.538,1,14,28,52,2,"negative"
158,167,26386,1.057,0.16,0.276,8.24,4213,7279,511,"negative"
2,16,32,8,0.25,0.531,2.67,8,17,3,"negative"
2,62,124,31,0.452,0.565,11.2,56,70,5,"negative"
1,19,19,19,0.789,1,3.75,15,19,4,"negative"
1,161,161,161,0.41,1,1.02,66,161,65,"negative"
187,137,25619,0.733,0.899,0.991,29.29,23025,25400,786,"positive"
3,536,1608,178.67,0.341,0.353,61,549,567,9,"negative"
1,13,13,13,1,1,13,13,13,1,"negative"
33,28,924,0.848,0.098,0.271,5.69,91,250,16,"negative"
10,12,120,1.2,0.208,0.583,1.67,25,70,15,"negative"
1,235,235,235,0.923,1,27.13,217,235,8,"negative"
1,126,126,126,0.992,1,125,125,126,1,"negative"
1,71,71,71,0.521,1,2.31,37,71,16,"negative"
29,48,1392,1.655,0.116,0.268,5.06,162,373,32,"negative"
3,132,396,44,0.505,0.558,20,200,221,10,"negative"
1,95,95,95,1,1,95,95,95,1,"negative"
4,7,28,1.75,0.286,1,2,8,28,4,"negative"
83,326,27058,3.928,0.286,0.671,7.55,7741,18149,1025,"negative"
4,5,20,1.25,0.35,0.8,2.33,7,16,3,"negative"
28,31,868,1.107,0.492,0.745,7.49,427,647,57,"positive"
3,537,1611,179,0.353,0.364,71.13,569,587,8,"negative"
49,79,3871,1.612,0.084,0.179,7.36,324,694,44,"negative"
1,10,10,10,0.9,1,9,9,10,1,"negative"
2,98,196,49,0.48,0.653,9.4,94,128,10,"negative"
1,17,17,17,0.412,1,1.75,7,17,4,"negative"
1,70,70,70,0.943,1,22,66,70,3,"negative"
1,13,13,13,0.692,1,3,9,13,3,"negative"
1,41,41,41,0.78,1,4.57,32,41,7,"negative"
1,62,62,62,0.984,1,61,61,62,1,"negative"
2,20,40,10,0.725,0.875,29,29,35,1,"negative"
1,15,15,15,0.867,1,13,13,15,1,"negative"
54,357,19278,6.611,0.299,0.655,6.4,5766,12626,901,"negative"
2,32,64,16,0.516,0.531,33,33,34,1,"negative"
306,465,142290,1.52,0.055,0.123,2.69,7861,17452,2925,"negative"
4,19,76,4.75,0.276,0.382,5.25,21,29,4,"negative"
1,14,14,14,0.5,1,2.33,7,14,3,"negative"
153,158,24174,1.033,0.587,0.641,46.95,14180,15491,302,"positive"
39,70,2730,1.795,0.09,0.255,7,245,697,35,"negative"
1,81,81,81,0.901,1,24.33,73,81,3,"negative"
1,16,16,16,0.938,1,15,15,16,1,"negative"
1,86,86,86,0.93,1,40,80,86,2,"negative"
1,19,19,19,0.684,1,4.33,13,19,3,"negative"
2,537,1074,268.5,0.556,0.655,24.88,597,704,24,"negative"
1,36,36,36,0.583,1,5.25,21,36,4,"negative"
3,538,1614,179.33,0.37,0.424,22.11,597,685,27,"negative"
1,9,9,9,0.778,1,7,7,9,1,"negative"
1,13,13,13,0.846,1,5.5,11,13,2,"negative"
1,22,22,22,0.5,1,1.83,11,22,6,"negative"
2,69,138,34.5,0.623,0.906,10.75,86,125,8,"negative"
1,14,14,14,1,1,14,14,14,1,"negative"
1,106,106,106,0.858,1,15.17,91,106,6,"negative"
1,44,44,44,0.727,1,5.33,32,44,6,"negative"
83,277,22991,3.337,0.18,0.365,6.86,4138,8387,603,"negative"
1,15,15,15,0.733,1,3.67,11,15,3,"negative"
1,45,45,45,0.933,1,21,42,45,2,"negative"
128,347,44416,2.711,0.399,0.567,13.07,17721,25163,1356,"positive"
3,259,777,86.333,0.411,0.481,13.29,319,374,24,"negative"
153,442,67626,2.889,0.114,0.215,6.27,7689,14538,1227,"negative"
36,96,3456,2.667,0.096,0.207,7.7,331,717,43,"negative"
1,214,214,214,1,1,214,214,214,1,"negative"
2,64,128,32,0.43,0.602,3.93,55,77,14,"negative"
2,22,44,11,0.705,0.864,15.5,31,38,2,"negative"
1,14,14,14,1,1,14,14,14,1,"negative"
1,44,44,44,0.909,1,20,40,44,2,"negative"
32,350,11200,10.938,0.142,0.402,3.96,1588,4497,401,"negative"
19,47,893,2.474,0.078,0.112,3.89,70,100,18,"negative"
17,9,153,0.529,0.209,0.497,1.88,32,76,17,"negative"
2,100,200,50,0.46,0.505,11.5,92,101,8,"negative"
1,32,32,32,0.719,1,5.75,23,32,4,"negative"
2,46,92,23,0.511,0.554,47,47,51,1,"negative"
2,475,950,237.5,0.504,0.544,95.8,479,517,5,"negative"
5,280,1400,56,0.78,0.786,156,1092,1100,7,"negative"
2,20,40,10,0.675,0.675,27,27,27,1,"negative"
2,538,1076,269,0.637,0.703,29.78,685,756,23,"negative"
2,538,1076,269,0.519,0.684,34.88,558,736,16,"negative"
2,46,92,23,0.587,0.761,18,54,70,3,"negative"
13,5,65,0.385,0.123,0.538,8,8,35,1,"negative"
3,213,639,71,0.318,0.379,11.94,203,242,17,"negative"
3,463,1389,154.33,0.296,0.382,13.7,411,531,30,"negative"
6,142,852,23.667,0.115,0.173,6.53,98,147,15,"negative"
5,9,45,1.8,0.178,0.533,1.6,8,24,5,"negative"
28,32,896,1.143,0.488,0.743,7.05,437,666,62,"positive"
1,20,20,20,0.55,1,1.38,11,20,8,"negative"
1,257,257,257,1,1,257,257,257,1,"negative"
1,73,73,73,0.616,1,3.75,45,73,12,"negative"
1,186,186,186,0.828,1,9.06,154,186,17,"negative"
2,325,650,162.5,0.485,0.537,28.64,315,349,11,"negative"
5,128,640,25.6,0.759,0.764,162,486,489,3,"negative"
174,471,81954,2.707,0.339,0.433,15.84,27820,35499,1756,"positive"
1,17,17,17,1,1,17,17,17,1,"negative"
5,7,35,1.4,0.2,0.314,7,7,11,1,"negative"
1,16,16,16,1,1,16,16,16,1,"negative"
52,461,23972,8.865,0.192,0.248,11.52,4607,5938,400,"negative"
12,146,1752,12.167,0.091,0.128,26.67,160,225,6,"negative"
1,52,52,52,0.962,1,25,50,52,2,"negative"
2,537,1074,268.5,0.538,0.594,32.11,578,638,18,"negative"
3,106,318,35.333,0.258,0.34,6.31,82,108,13,"negative"
2,18,36,9,0.722,0.722,26,26,26,1,"negative"
1,37,37,37,0.811,1,6,30,37,5,"negative"
2,535,1070,267.5,0.564,0.614,40.2,603,657,15,"negative"
1,104,104,104,0.971,1,50.5,101,104,2,"negative"
13,5,65,0.385,0.323,0.554,5.25,21,36,4,"negative"
29,61,1769,2.103,0.121,0.431,1.78,214,762,120,"negative"
1,23,23,23,0.348,1,1.6,8,23,5,"negative"
15,14,210,0.933,0.11,0.338,1.92,23,71,12,"negative"
3,537,1611,179,0.345,0.405,22.24,556,652,25,"negative"
1,14,14,14,0.929,1,13,13,14,1,"negative"
2,536,1072,268,0.537,0.622,24,576,667,24,"negative"
1,57,57,57,0.456,1,3.71,26,57,7,"negative"
1,20,20,20,0.75,1,3,15,20,5,"negative"
10,553,5530,55.3,0.797,0.884,21.3,4409,4890,207,"negative"
11,427,4697,38.818,0.566,0.57,189.79,2657,2676,14,"negative"
1,40,40,40,0.875,1,11.67,35,40,3,"negative"
6,39,234,6.5,0.192,0.197,45,45,46,1,"negative"
1,283,283,283,0.993,1,140.5,281,283,2,"negative"
32,106,3392,3.313,0.198,0.395,4.56,671,1341,147,"negative"
31.6968461280404,3.03770213365135,-726.432539671573,0.98934389860574,0.452317825568634,0.704642064413713,3.76893505695986,1264.85427017382,-2790.68969810053,72.9199619689945,"positive"
121.185442184539,344.19108279363,34677.1369752717,2.63051491241254,0.400364970937813,0.561260705196842,8.83243462803235,15676.2235441811,25056.4267887408,1298.79255447688,"positive"
192.062646355853,472.972625849108,92956.6027647179,2.54424237134501,0.390549078699026,0.489495012575732,19.5161558652306,33011.9681945574,44814.9437796714,1691.43953182708,"positive"
200.289440549099,507.265014356893,91983.8030869288,2.44291438569611,0.366959907012775,0.5236480056023,32.9040394768045,35705.2928020541,51462.0545511862,1602.08848900326,"positive"
103.459033428082,118.515358001869,6423.67336925394,1.02159763006751,0.433525574362764,0.568304950155727,-2.35507458434182,2683.38274269594,6149.5718870005,769.35654454827,"positive"
160.14923938643,173.984773719875,18443.3501156623,0.736251493788719,0.762960488367638,0.962628109245793,7.36468952829592,19531.6839722918,24448.9248102145,1327.01743889316,"positive"
152.371958975476,148.177052940073,16663.9917327967,0.723825404364597,0.81023466186939,1.00510540773789,10.8297918517386,20543.7233206043,24538.9172400304,1569.40794902627,"positive"
26.941424252872,5.85196705963486,-260.535996780156,1.02327061128991,0.49917821222118,0.761933242896207,-3.88163038808769,32.0927411329553,757.709593734106,94.2511841708621,"positive"
33.2561836493442,24.3216295932341,-6765.49539397225,1.26833396016256,0.471455380338676,0.755612366192725,3.52494841396256,1705.25127513158,2111.27068858204,267.638901067339,"positive"
41.0419984388931,-5.63186967463038,-2520.76662254629,1.07937845742383,0.450148305144105,0.754531337679197,3.51864393535545,1330.63792384868,1819.32154786794,79.5626193229719,"positive"
140.270629554372,178.996618753023,24860.1997711868,0.924979890123528,0.592556212596583,0.633065883895088,47.4752170037942,12765.1603251846,17190.0587720324,479.848312070532,"positive"
32.5176346889542,63.0272557081487,4487.98011397081,0.932611990803892,0.433425266228644,0.734740635619049,12.9008414474894,644.384242726641,2842.35789820351,-129.605809232059,"positive"
30.2541214322344,30.5822019077742,-2543.81909548179,1.12838177664696,0.43032752980895,0.678052298937523,20.7868183276891,-67.8365743990482,2947.43099483013,-44.016632317786,"positive"
76.5260044723922,27.8267822339566,2731.47530043636,0.730766196968843,0.422919890457674,0.508491644164016,252.946725529426,2265.60905556161,1709.47324670668,22.0555794495225,"positive"
63.7305674056408,97.5749432721116,5741.53078979531,1.16546040517926,0.395230273555055,0.427708030828249,61.2285587421742,7.61389177719388,-707.841152167856,-21.2192557477724,"positive"
68.5507684176928,99.1494761373646,14123.0506535772,1.30556661770411,0.505004696814438,0.604615349361162,28.8888736609197,3191.33927734941,-1824.95225901803,137.315485521124,"positive"
141.929078592138,149.268350554919,20152.8236546863,1.11719708271017,0.60236914993469,0.596006428178637,54.0288140510478,14265.107554191,14500.2148164368,187.651323554811,"positive"
182.005013167982,162.398557379352,18888.7741001097,0.802876495125639,0.88684603123278,1.01858065348666,29.8564631299454,23551.6589803238,22054.8609511905,733.910584893645,"positive"
24.5041904351631,14.8237505313768,-6846.49758737388,1.24547931153935,0.518495256647693,0.730905152370862,18.8399112380457,740.052583927015,-35.1698604527859,-88.4584781158804,"positive"
209.691385976286,162.972127359307,27950.3674961257,0.756629051979821,0.874359806309689,1.02528693604217,34.0434756837038,21229.6291301531,24865.0589854717,721.091868325817,"positive"
88.617913076935,30.955892483202,2997.79458291147,0.877135977270733,0.443401654161635,0.486534954359691,244.478556123565,-174.430369081414,2227.35095395091,94.278100657612,"positive"
26.3907079207708,40.8478668198394,4134.97151731429,1.13557144662764,0.46523526676194,0.726656975887046,2.32184217014013,-519.957947659766,4350.7532662828,-16.1374975436047,"positive"
163.924818826434,491.149510280761,81363.1660985008,2.79752956085388,0.342424382352995,0.444981348952727,23.6170711154699,25646.6464892774,39242.0763572612,1844.9250528355,"positive"
52.9540125901338,65.8165850789454,8561.06438713575,1.31766970378372,0.450339534515351,0.580599407834036,-3.70605849162243,6739.55512811527,6050.22753532465,246.809765458976,"positive"
97.968450444755,112.999548932594,10612.6170932226,1.05186740249758,0.476480505582699,0.595942086276999,2.89133473863545,4486.59376830506,6420.14097023419,1066.42124022225,"positive"
18.4720041768186,28.4775893679246,997.760746030853,0.950603334012368,0.488957945816196,0.704488084783981,-2.95693191369098,-265.185887982306,1583.76481953797,-147.546977401803,"positive"
209.055259906764,152.275136439571,23005.6155896723,0.664208212767349,0.920024941040365,1.04895194263687,11.5697256105081,22693.3540095995,25294.4815352733,600.969503655929,"positive"
119.450574042012,329.173807618222,49710.2429041599,2.63834932465813,0.397236717872632,0.544164926150328,15.0228628868957,17054.8445511534,21650.0816740818,1369.69831790869,"positive"
154.072580562868,156.033680972359,22471.7413800271,1.0889016453026,0.611866145383155,0.654445272232377,45.8280459850459,14027.30162355,19787.8721840177,471.176148971147,"positive"
164.783008114233,378.246417905799,47213.1340149295,2.70594435102753,0.409468850129738,0.56191635441599,-4.68473133322034,17393.511089846,27779.0167917372,1447.37360281699,"positive"
163.294991185603,474.80870649,82644.6760670712,2.64583308495807,0.359620621377035,0.408524817711509,13.3866834882529,26748.8294654551,38087.428623124,1745.0070996495,"positive"
130.969134944723,365.608164633139,51889.6554688268,2.62382689947545,0.402823532651464,0.533571678183634,16.7597321188185,17091.3316400658,24047.8712540341,1478.84810083574,"positive"
61.3144483287592,91.0066955332409,9895.60657358363,1.47978862727566,0.494285032246216,0.546204645263387,21.3293254842909,2132.91902275666,5299.77754634407,201.9358857778,"positive"
67.3561203180594,49.7306851186256,3255.3552165559,1.11802622583155,0.357551328285853,0.411190463855767,74.9622854733396,504.212246695775,3162.04501208924,25.0605100628171,"positive"
56.5698257185177,49.7530256443658,3211.61932203872,0.647818105622494,0.442428953721013,0.451021748378396,252.138242837855,2470.70865110194,-1873.14244559985,153.820756233239,"positive"
28.746255883538,4.30917426589218,370.316595698021,1.10127257910889,0.483807234510678,0.738498960892144,8.70863290215458,-487.468192751555,276.598483727943,-55.8844065643637,"positive"
25.1341394370155,-26.6848874170313,-7875.28750587553,1.15205362866564,0.464177864990428,0.716306865714498,10.2431455181556,2904.56061676538,1479.4375211476,44.9224250457363,"positive"
16.5774150860823,57.427921387723,7988.72011600925,1.18783698000698,0.481790959665273,0.815071075843659,6.47527545075674,654.534134765257,1554.63221695404,-24.5718545645382,"positive"
29.1090154560247,7.43051432974817,5391.07716842746,1.09475828764189,0.455389526473264,0.735226761389218,-1.8429005451172,1928.76450565444,-715.330162446534,8.4521694706507,"positive"
37.5725512900681,-9.27845842365452,-2320.02576720315,1.15385404069606,0.469047238383834,0.781632308396419,9.64570564765145,-377.870783853936,4815.34476661166,-99.2112369615487,"positive"
44.3875748938601,53.498264546367,2501.55608279979,0.968134792185718,0.508632226941322,0.73808829630212,15.0224806502686,-3383.74075677014,4743.57937445375,71.699003360214,"positive"
14.7483508290351,30.731865392631,1882.77508081674,1.1842836009246,0.504137808519432,0.78732998125042,27.425521613596,467.459691568103,2201.00350170605,153.803451238125,"positive"
25.5903479602997,18.4454487605544,-3856.02765220967,1.15269446445146,0.467134574456216,0.753235360057237,3.55774201325818,2349.00058828071,-750.745175478771,49.5857131854152,"positive"
179.192657476836,140.977500192676,30610.2956583997,0.934513400289597,0.752997718272521,0.953332244877647,13.1630877121256,19302.256416164,21390.0601761913,1459.26392967097,"positive"
117.243707715696,337.37072631142,43374.5810580046,2.86110690012535,0.358099115455934,0.589206983127924,-5.58778086991902,16969.3043463193,22298.4336880938,1415.29043198866,"positive"
161.590785355388,491.529390822627,88004.1501732234,2.53936220604405,0.404285232648222,0.528806295284434,15.3416464117916,33457.5977622043,44689.9357859092,1611.40411824844,"positive"
19.9651413037266,48.448711309612,2626.47031387557,1.07558212891388,0.45769398872714,0.744858219087483,18.5553895735578,464.602252722,-3384.39610393002,156.447527693944,"positive"
118.662626415094,307.969655393119,40245.5584024258,2.63654254902472,0.433864950144871,0.5477843137207,10.8389841775982,16088.0870796521,26259.8633106677,1433.29720330253,"positive"
29.4584373848151,38.9885443368695,-3654.47370173768,1.01306665088201,0.455922444868777,0.750147635010718,11.92021153328,3223.63824578555,-2573.26264790298,196.574139656762,"positive"
149.102473653309,174.429563980281,23970.3596160108,0.944223846879043,0.536969153741706,0.633498335962645,52.8048107764811,13798.716720318,12849.6277555487,206.431415374554,"positive"
31.2347783841376,46.1059851726174,3315.73092888312,1.10489557032323,0.510161750528199,0.704691781383653,-1.4000139141371,-2156.61175075962,2154.50011253863,53.8924186123173,"positive"
23.9225722933328,-23.801496188285,1177.72572417384,0.96457824777115,0.484720612326417,0.720777750119548,7.60604059809345,-1821.60676127634,1564.60222702763,150.035329875486,"positive"
31.6116012302798,25.6797644926821,3829.50519082101,0.937632854410676,0.497110400636526,0.805947078594468,9.50975211719006,1338.07265774712,3175.43491283297,1.55939438029088,"positive"
170.466715013184,515.749450690726,83359.2716743945,2.64223833305254,0.34106279527571,0.445486285422065,13.1058923472488,30180.3181507396,36605.0545770298,1825.30074893369,"positive"
83.4888011639039,114.011475933814,9199.95091847779,1.43821670726309,0.485415773330211,0.580657041004267,17.4948111530723,5282.61568269767,3877.20351139784,223.225963565865,"positive"
20.8821115585429,-7.63804945815745,-5017.31650537101,1.11891938678325,0.459340132594238,0.761745952297221,1.7532889339642,407.756179575974,1617.10351681882,157.026323725525,"positive"
74.8059887702788,58.3929036749039,9752.301992117,1.28503882619528,0.455513953090481,0.583286829901781,5.57373314446724,4967.02083171441,669.817755404619,36.514683343059,"positive"
84.4579880734509,115.10149160598,6358.71606417142,1.18297577054668,0.481013329458136,0.579493121625548,8.87710014111761,5700.70234089001,6149.66231245623,1060.02317240064,"positive"
30.0080179580796,28.0654898628117,-1057.77459629095,1.10889305206554,0.472764956920862,0.691949075359097,19.2773257714092,584.287991096527,1082.75106169689,160.796462336808,"positive"
173.539230489361,492.729895245322,81514.1361520148,2.69584248509085,0.356805315860003,0.427996573787096,17.4332459527532,27875.5679936844,37220.81504996,1809.26127140133,"positive"
11.7382579304052,38.641927860788,-6016.88358074506,1.15008253654606,0.498726323861109,0.714478781317768,6.41209363123845,3044.68946119495,544.469644242374,198.230496651696,"positive"
184.60768992728,470.83098404388,86816.4335303954,2.6276529537136,0.361243551164725,0.503553824521293,19.7069776529855,28942.9056859709,46344.1171865903,1473.82827280302,"positive"
39.3933481666784,36.1516610633242,-949.242363841877,1.26842881099748,0.47279770727909,0.753032495340607,19.4537395309944,720.471875197385,-2277.59259372842,51.0659756534759,"positive"
34.5779839639914,35.7581815933869,-2118.22019073642,1.26745285262015,0.438141424183783,0.734414700221086,17.0790754013258,-251.935305676395,1874.80536578095,140.760997781224,"positive"
29.3828598841538,2.30081606011673,-1458.58681792277,1.2020060458396,0.532857995811425,0.764851029350042,19.8093617582508,-2530.62685319531,-3553.13307659371,39.0671490177234,"positive"
156.489816068778,198.110105992001,29584.939162458,0.894971222856713,0.781737311723559,0.994049731698111,18.5260570404822,18254.5631309212,23907.3253885618,1625.9915683423,"positive"
76.2873028986738,18.0817322647818,-2031.28834186085,0.951396855322026,0.445871831986253,0.47196882044789,248.233001019529,1238.39207948523,2481.52702597894,207.159610944047,"positive"
186.764584135726,468.616586831066,86330.4427206551,2.72023966712736,0.348667325691585,0.50795635378569,26.6728453449307,32240.7008808139,49278.2904327469,1426.16386108273,"positive"
23.6387425359388,19.6957051728871,-9474.10179485285,1.27192293444671,0.477956259704306,0.725447139318218,9.33000643173246,2080.98502347097,2686.77094013592,-46.109079143414,"positive"
189.85153576406,511.691393324246,79125.799042094,2.68568370479855,0.373645014745558,0.467269893905995,5.31267668285685,28984.2259379578,37757.1354927252,1883.64821420569,"positive"
64.5706390947005,118.863523164767,4809.0132016607,1.2320754542963,0.492890104799908,0.540286478236826,34.5652264148552,1492.52955369213,60.9733032378876,284.395435559506,"positive"
74.9285350162593,83.2572329655513,13382.1954550567,1.35172353949714,0.479386667794537,0.561863894782726,5.64204966902977,4291.49998692562,7557.33853540351,284.525164477646,"positive"
180.373421122509,149.643520421864,20324.2476563642,0.809120758746977,0.762094662051046,0.94578912109662,21.4135349226244,20751.6964065417,22497.0817471785,1394.74328913624,"positive"
33.8136371233803,57.3451728768398,-2790.87163189428,1.13368467782235,0.540058430184584,0.776012887945658,-3.3714079887534,-1578.682512765,6501.60908977648,75.0847857403345,"positive"
25.0361201051672,81.5518964434554,-4995.18200230906,1.05357905627513,0.506870856163471,0.802309142933628,-0.350735169837095,8.10572596952062,-838.288792042566,159.460176117955,"positive"
24.9607456930224,37.8326775360977,1653.29885321182,1.15839759222983,0.462118754539608,0.714844819241353,0.711500318550892,3218.15667230157,-1945.70897136951,24.6120461540956,"positive"
31.4283476445341,8.43422279351141,5737.51973106428,1.35546132115229,0.513900165665425,0.732744435975121,-3.45573381869788,1289.1978832399,2239.03119513314,94.8321158298489,"positive"
68.9569576142429,50.7671057589521,-355.956335354696,1.23454451854633,0.430925350949696,0.40404763061192,71.765174187466,3423.71778514297,2050.32305245402,-197.830804064647,"positive"
28.1796289914435,77.3391058668345,-889.952169795163,1.21498488303631,0.471059742951168,0.71695631243617,-0.0193597389027556,3406.2047315094,3442.39833763884,172.829158502454,"positive"
105.727820919208,57.194899510209,15403.7875511299,1.12162502154537,0.424638992962591,0.62948488437975,5.62599045355152,4581.21297331073,4856.49870743778,893.652883099505,"positive"
185.364482113207,538.074808458181,84363.3108580472,2.73362462630217,0.398715635107212,0.511078139172024,39.9865733415374,33467.5735829706,44054.7597123257,1327.72814291601,"positive"
167.239599512149,465.092191013597,84829.785394804,2.69927717865064,0.353907927414137,0.421302380153275,22.3100922681067,29649.6885475617,37175.9187196337,1881.90150830985,"positive"
34.1871486277612,21.7284772245201,2562.00240865344,1.23655347681702,0.465217236215924,0.711510867019432,-7.58845968761822,457.871732853461,116.978974088245,132.198182705115,"positive"
6.74480416634384,34.5616435796646,-4608.25335660753,1.2598662204448,0.559828066041234,0.743501931033167,11.68048448174,1077.90598506521,3025.36733982952,1.81412274383744,"positive"
156.7839701961,179.099176504827,29278.954699094,1.04856272646432,0.532179911938857,0.679945019440171,47.6051078999914,13277.0928201049,16908.1581177261,261.378921195807,"positive"
33.7974780513968,38.8454086188664,4263.82655441194,0.78731270731358,0.475824985555587,0.749966210587166,24.2888228607469,-951.474765261537,166.264751164807,147.572010823725,"positive"
25.8291422971412,-13.2186171546123,-1180.053454276,1.07498407117234,0.532490167572967,0.815298249634673,11.9011047704667,361.962013667078,1053.88291767291,164.393941737168,"positive"
53.2155112191227,80.9916686492349,879.666118767491,1.18535526842461,0.434878758818942,0.400408909468124,70.1127996424631,928.546437309911,2889.62696016577,20.9725261721667,"positive"
164.186867538432,155.181809608188,22722.1596072574,0.736451849139955,0.818986138098014,0.951873640092059,1.98571976608874,20763.0689080485,20880.0363980835,1423.25069218197,"positive"
86.9614914693097,110.909093945399,10327.0692739151,1.20770658665464,0.491190362929691,0.607082316673431,16.1004342527203,2276.95975797399,2747.63376094452,176.391666000932,"positive"
85.8223849774649,80.6848180904244,7304.92349989844,1.20595364507296,0.467965960757612,0.603693969013604,14.6883103068725,3044.55007145949,6563.48920620305,1069.92647124955,"positive"
5.49050976253379,-22.596779966741,-6994.4599485213,0.835684351166229,0.503991121920139,0.752648520301772,-0.352356293010636,-1100.27024153784,4730.74539520199,38.8806726135758,"positive"
79.8411184265909,88.6629788815455,6312.50187947927,1.35566434572089,0.487410866981714,0.566400279673373,8.9769374931483,5285.8625141369,5803.41030438277,118.979043170944,"positive"
59.1605315002612,51.6542033089466,7910.20677485183,1.1148931811546,0.384137971667001,0.400060609424433,81.0161598933613,1231.76054605931,3153.21533079129,-63.1317990082925,"positive"
24.0680892030725,13.687118691275,-3963.6040115709,1.00509583708707,0.489156052654935,0.696976743213794,14.9718353715472,-589.074276626778,2695.48375008057,57.8174836486808,"positive"
53.2673230493032,28.4398970178333,2251.92295438173,0.775146974833978,0.44644615999509,0.5326211796879,243.290141841126,1263.19412561423,2592.34987141291,4.96221630027593,"positive"
186.782227308126,128.003141685251,20491.789027453,0.738286345667723,0.892668897663507,0.984709953285463,25.0136024611113,22207.2729422801,23962.782747322,737.662482278392,"positive"
174.769506006822,137.964963529228,24850.0125731525,0.886969391199051,0.80344388194676,1.00599353734269,10.6755100489633,22260.9113578832,26137.2560837378,1470.44520362479,"positive"
162.328664838532,162.995611227565,23804.1521384998,0.875036211949321,0.798247271150835,0.983854976741248,22.7636349823474,20592.1452897735,21061.7787854236,1506.31524637491,"positive"
87.1428718535535,126.298132723759,9530.68933365064,1.06605954266702,0.408509568935416,0.627894154742983,4.76423756247101,3133.28491563874,3758.37172350566,1076.60344247009,"positive"
39.5865608476564,14.0396761996902,-1682.71531983121,1.12808273884109,0.4668315855288,0.759039210154179,9.51890769720136,953.77123848105,1358.07040468218,222.749569244563,"positive"
165.610632711665,138.019194795973,21384.1564520441,0.997661057581495,0.81116793749643,0.924763284697035,27.3705345172851,19866.494354437,27186.0055451203,1734.13672654283,"positive"
166.456367736122,153.170429626423,28015.7919239128,0.927741157140592,0.824469403054524,0.948332243711671,20.6860185926919,21335.8167255295,22195.164573535,1538.4548467662,"positive"
22.9589671818254,63.6195594967807,1369.06344991562,1.24827129365808,0.448670508215579,0.712466889342074,17.9257978037663,-83.3501068003292,2985.52260185658,-25.2338808608447,"positive"
195.692464427922,135.732532710738,24834.7897325621,0.70632604360262,0.885009406340841,0.968826607363367,44.3811614078404,24421.9378305124,25000.4215860318,856.376295453556,"positive"
177.402420769718,98.5971024852068,12139.3849918664,0.789580750855969,0.846458229965824,0.984832706175727,26.5463461828048,25015.3813914572,26470.6149385032,674.014145897125,"positive"
36.1983505274022,37.2410079819777,-4455.33523673716,1.19184510941516,0.483431381247881,0.671915993090366,6.12364551028642,3762.02152812862,-2518.53178368268,203.29487743696,"positive"
100.777953234501,101.307965039783,12872.4606479264,1.04587642911939,0.451109969526281,0.576923330210219,5.71670171310164,4304.84008999539,3566.93771438136,946.034253228661,"positive"
169.48595273675,511.067057220886,80247.3738690533,2.62773150059656,0.356011466759946,0.44768674758357,19.8453169495387,27940.5658772851,39671.2749096997,1785.73107286091,"positive"
37.1903373164347,38.7630302017218,-4170.00182477641,1.25048934858354,0.450888224812175,0.731807572499453,2.53023400556475,2505.74574333773,706.990045361149,246.786491550949,"positive"
38.5259129299668,17.9160101930281,-914.998074753164,1.02272468262544,0.480598462027876,0.751354940481119,9.24069585517175,926.144454102281,817.584381045826,128.88623174583,"positive"
133.556826319336,337.064634188904,42840.4049769577,2.80325564506382,0.420012754621553,0.558955976521368,6.85393769246396,18086.5886375907,19492.075742137,1357.57599570628,"positive"
48.5470795503399,19.5778070468815,-1204.59596616684,1.04317105913178,0.45796422362982,0.716753411957615,10.0307577986307,2745.9248692241,3343.16114234616,121.98461733532,"positive"
134.056164839358,162.205309189841,26257.3344393433,0.926346816199225,0.605250959342962,0.630872653010965,38.6412733528536,15681.9534885288,15196.2589981836,461.942554881919,"positive"
16.7542822648538,35.9879100090028,7276.23238091464,0.994121974009973,0.476064040186113,0.698955535326789,4.98182156039587,443.671737278463,1649.22220789022,-24.0659245142934,"positive"
14.7115903513298,51.7026744490698,5013.13412368787,0.989941613172528,0.457793827995915,0.750990212994377,19.6965939949648,-2340.91443354061,1444.3289342861,116.657347512074,"positive"
129.61872034685,354.237568932164,49643.5961529823,2.52177265439662,0.405654331926077,0.538652845351318,10.0505061450211,17550.961105785,26025.8831857273,1485.08087505938,"positive"
201.297425662514,460.711063383275,85850.1768805108,2.43621416402,0.324537446964516,0.540916960969682,16.172280718365,34930.7187095239,45246.7242054524,1429.39913640213,"positive"
44.1977221456253,10.7375579467073,4438.10204719883,1.23745776592631,0.47501199831538,0.737726949189446,12.5651909946174,-434.994084592973,4820.50074326753,109.056267599436,"positive"
76.7138365332212,110.347408296627,2796.29893201105,1.27662346914302,0.476119577333609,0.600629134792256,-10.5827583931049,-536.066647975687,4324.34900183337,207.87859606209,"positive"
182.482388145232,469.587452924164,81369.9536787401,2.87553313959986,0.357839815493618,0.463007929418508,16.7346092295194,28285.3808421947,35126.1307268678,1766.57698722598,"positive"
26.6014313097085,35.1330351728356,10036.1086578663,1.09024386224111,0.498311544645398,0.734991714934994,9.3036720337215,-627.023954196119,4222.33436742168,163.309645028848,"positive"
32.5272806942036,55.9477157271092,814.185344327155,1.01597869917429,0.47915637807674,0.734667067650927,28.0550837609789,238.093341951757,-175.316989215683,42.1598740102221,"positive"
67.6320387645799,112.604623086847,3391.20158462316,1.11338348468211,0.399619241274779,0.443881261499647,67.4600220564836,1688.69580459791,-891.29671571165,10.9009164613155,"positive"
20.6531974031242,10.4390562636889,-1554.82803349527,1.08584262186646,0.484961011303114,0.726163607637271,0.392990456547679,-1577.06325986892,-3939.52270091876,20.6650576472931,"positive"
26.1686387021088,69.1643054078067,4163.54076215713,1.05992160171124,0.454214132823862,0.758535493807026,27.297599269557,144.543176220572,443.981098587818,-20.8275261207457,"positive"
62.6982920825818,53.4075588502533,13507.6538822159,1.1468219719,0.388379555722642,0.443468951566386,75.6014237413337,998.929129803638,766.646613904554,-183.968270633892,"positive"
166.455674288913,164.020869706042,25903.0358544276,1.04097975434036,0.560275120979403,0.661891697602118,46.8985443817733,13805.4435892044,15015.0610272591,232.629267754647,"positive"
18.9892930136439,36.0266670041643,-197.029671561224,1.14259368738287,0.429988492136678,0.735098359454523,11.4218925653438,-520.628199340649,818.911603864265,224.248720325544,"positive"
44.5889869910013,43.7405055884171,11949.7089888258,0.821368036819996,0.44271944924455,0.52104142312943,241.905588159011,732.121874723372,6359.0140087749,-0.686094218803448,"positive"
194.416675034982,168.516976932122,22351.7371354792,0.808364650226796,0.898601557351579,0.985973774293393,18.6669386676098,22063.3963377491,26822.8032837957,662.48958070329,"positive"
120.121085881329,332.105347676245,49162.880705665,2.7238257277577,0.365276045079233,0.502604145642318,19.8327335460559,20800.3970818736,24727.9777139718,1300.39878657696,"positive"
23.7899843403769,46.9312560334685,-871.580723886559,1.06470307684525,0.491061433684512,0.756648261271416,8.21077733147316,1443.69100361534,3472.8380911277,-76.28029380705,"positive"
80.7336892554627,95.7003559731665,2625.67784850689,1.37660421639837,0.473637935700224,0.557145244967827,14.8223042820536,3888.53576867059,3347.4668505965,69.8056243417177,"positive"
21.6334461739127,9.94396338100128,6009.90068389867,1.1090420695307,0.469690014600876,0.737960200533459,-4.6114123816968,3326.38881604608,1803.80295697736,149.98634136313,"positive"
25.7074649610027,58.4579495888177,-6651.15796912822,1.02983393573166,0.466065645703992,0.70258193248813,-0.0490730339589849,-1096.26263169914,3216.03859908088,31.868417314808,"positive"
78.503853253897,25.7932353813603,3378.86377306402,1.10334053187467,0.394956156735337,0.442728342823284,76.6113980968542,2853.62294069431,1872.313486558,91.4344040472878,"positive"
33.10008812938,19.1063660946736,933.087841870548,1.21327527414416,0.450173180020365,0.731679160383154,-0.857609655978482,-1288.02886969459,-3545.86845345197,-3.56434809408125,"positive"
98.2341157083088,69.156719967519,7816.43737155562,1.24807804766003,0.416640895443736,0.605090502489804,8.63188746838353,3549.40269335675,4820.58851566133,888.61447507962,"positive"
63.680605747656,54.3926120276071,-3621.58982325549,0.780101731972936,0.39936161353438,0.471255124496169,256.726052033773,2341.37044655665,5690.53307692853,-51.0548872123095,"positive"
175.026389930833,474.977250288068,84543.264438149,2.4839352662229,0.407291651248222,0.505343568248597,30.5994485050481,32068.49760429,45663.859918328,1404.44579222358,"positive"
14.552112516831,5.71108222964055,-5632.90504613337,1.22934217248719,0.455243659101524,0.730722784029936,-4.72565804043377,-401.644612813648,3158.78117223399,-30.0458896457129,"positive"
69.843517248723,110.714738787877,14979.8445656112,1.21231356556389,0.529643397266094,0.55274759268433,16.803652859231,5869.27817466758,5001.02463261901,213.289994243578,"positive"
205.32386038272,445.651373864817,79444.4326359995,2.4335081664241,0.346690336939779,0.522145902485985,22.3769767914495,35717.7659222362,46287.1052973164,1576.9589070271,"positive"
155.140247009364,172.901196439641,15338.6436594355,1.11548686418208,0.618869280015669,0.633777924048772,54.8882398241327,12941.8364008052,9702.20792214854,306.209655270505,"positive"
29.5867955430056,36.3761142929794,3794.69834319254,1.01720910120913,0.515142604701196,0.729643828237557,10.8515385595888,362.13437832993,2226.34321881258,-138.532265509077,"positive"
67.2110258462998,89.1687547825139,8478.81093998741,1.22771169735242,0.386709753031796,0.486908256346246,60.902576190187,3562.14066026382,744.125928947979,209.097513640282,"positive"
170.281343812123,449.785667000688,81131.811871156,2.61568591430511,0.354356842235804,0.388048676621061,12.8719437043919,24658.3372985166,34682.0418597936,1870.05328615226,"positive"
14.4969436552574,34.1554696565093,28.3694438385672,1.19529905252699,0.500503028662409,0.743749857565587,16.9375899671885,-303.884343008849,-510.478550500894,295.278787874785,"positive"
153.830616423121,336.538004541951,47457.6213377052,2.6933414943383,0.395844613590982,0.53792582490555,21.2693619340999,19306.810217953,29157.9877841019,1332.74490080067,"positive"
23.909890503025,-1.20396202674603,6763.75187125252,1.22953570660801,0.520408556074251,0.710753292168349,23.1078131036615,1086.15078885024,-1971.27824296336,262.147126862401,"positive"
171.117410950244,474.451466075953,75281.4780339981,2.83598424647698,0.332988481162316,0.431900930961032,7.23710644231816,27308.8324823785,29564.9645717741,1778.48698501292,"positive"
135.697392917405,198.095759994273,29646.4826118719,1.02295981205721,0.630607749891433,0.693612102735222,41.0662885156485,12478.6983478599,16695.7954985093,265.912036855827,"positive"
183.605819912958,454.350409100016,88056.2868595048,2.58168488987371,0.352284882692936,0.56319549995282,19.0064223112394,34388.8729295858,47828.1078446924,1400.47444290409,"positive"
25.6126190304485,26.4831421657354,-555.576287082831,0.932352954241288,0.536222191280563,0.771406330103759,16.2011490547136,2913.79883121401,254.290105757771,-82.4080140635812,"positive"
61.5333968857998,88.5802986931197,9979.39350239309,1.11550751160954,0.391730900986943,0.429299675933014,73.2759931385987,-1830.14690435293,1571.37356284141,126.080767462467,"positive"
11.7495575405098,31.8170663188139,4841.43516735728,0.951569760324478,0.470618350303279,0.775115071725289,19.9382412510548,-270.68349503598,4246.76453316443,184.929503788402,"positive"
45.2284777048696,75.9334807369607,6257.12566545517,1.16284214680446,0.479458596721003,0.736361460270588,12.3426937473534,3718.68388037586,-4107.04514940471,168.542359803184,"positive"
46.0250132405576,47.6646566715994,-322.443000405936,1.06764203439425,0.4601366510327,0.704564935175498,8.17956625494268,1237.57771778476,-1722.97069670257,128.143770868563,"positive"
193.657146628587,189.473565318809,28875.1132644604,0.710176485237366,0.897105842490655,0.958358474784555,45.3397063172223,22682.627830868,27029.3880456201,813.814238820028,"positive"
157.373855116485,152.887067479888,25600.5956399702,0.844725857831167,0.817737606976916,0.948956551520088,17.60733617128,17448.5368732641,24309.2837556641,1512.8948954155,"positive"
159.897610245869,132.367905821251,22004.3013313759,1.12531099336994,0.587676120426608,0.681110762350107,53.0190551813706,13553.4452032205,18348.9237109881,494.774009299105,"positive"
25.62066631182,40.5242495648666,8239.75064851591,1.09205465055296,0.521224625427383,0.771107620169169,7.73570136864447,1714.16371203579,-1124.45440626141,13.9415905080597,"positive"
124.912902100872,326.100480787056,45094.4585568699,2.8909329324688,0.401440775400587,0.580406241685659,11.6222396453221,18056.0737097661,21629.9917552595,1290.64056496518,"positive"
41.1544662723069,9.23543687664029,666.594122996344,0.958222633741872,0.484748567876332,0.702640966136477,1.10514915024309,-339.366888507016,2722.36338684852,97.7731364587463,"positive"
16.146473588308,26.7169481324965,3087.08346034088,1.1418658706187,0.490849871498092,0.738470637696357,-3.75409272452082,-1132.57934426842,4628.54625242256,0.292991922703699,"positive"
23.0648777602929,53.1111112761573,2530.97138399998,1.34819110220051,0.478865321153678,0.769253222543906,5.09519135177226,254.533587945113,541.437038341748,-61.141176949738,"positive"
20.9413127083788,39.7740576527709,-2064.77458880672,1.03278872784714,0.466471263883569,0.714455536660351,7.25963773574438,-1625.11979477209,4804.51498875611,-27.6663401386374,"positive"
28.190678601609,50.4008623404893,672.911512121705,1.06573258777316,0.509353408873332,0.726600156741907,23.0817774235339,4968.4880704648,4145.56592440112,110.571668730989,"positive"
158.816150903096,491.691209131478,92888.2691517799,2.66842049398431,0.35650250693738,0.434252324293421,26.1769171659075,30483.9068418246,36606.2927095156,1939.59843658477,"positive"
21.2102795836132,27.1152965273079,563.465393689078,1.11590075485239,0.529419703474138,0.749944364642061,4.34447254609648,1590.30725685511,1613.75123552694,209.628934852649,"positive"
35.9113447768362,-22.3022395260196,-314.887242350364,1.07983750734489,0.513263715266294,0.7114707376362,15.4411576262151,639.214126208611,-2122.13133017703,-45.8278691741263,"positive"
68.4910134123466,90.9914098432252,7752.58183297807,1.09617190824747,0.410678405251399,0.502590608722754,62.8595077207585,1092.0207913375,7006.80202166686,43.1225737785206,"positive"
18.5983057292685,80.0326883330986,2552.24785552999,1.29392902339788,0.495348989166331,0.758249501424521,8.54093065731431,3554.69646846078,1378.82842316177,253.342245820864,"positive"
191.398482063408,470.319754270964,84975.7785510355,2.53384400476673,0.411393660753519,0.559028116357174,26.428238207331,30829.2528201057,45825.950246459,1617.15652207342,"positive"
4.51619160696416,1.37226873854788,-3646.11961247436,1.2489708480362,0.486622144053982,0.744189551787543,-7.83932917428341,2064.57828592457,-953.421236875999,153.777791473332,"positive"
183.713083885729,128.691544749372,29175.6031875196,0.44457687012742,0.877317644812984,0.980045942235326,39.7523016018364,23418.9465976068,19276.7621611038,806.264051087692,"positive"
71.8833599209918,28.875305903301,3748.5655313293,0.878506779542155,0.434797740835441,0.502819508845164,239.79668278163,2936.24241064197,870.264427191431,124.192713567107,"positive"
65.637895731422,95.0587488068088,8935.07049093902,1.46031440217721,0.473924266556756,0.546280675753383,-0.191151872182694,5765.09453673783,1742.0367218791,320.04110421653,"positive"
185.648582485356,484.283457059631,86011.8662315086,2.47516849120821,0.347165631667414,0.564327788980475,11.3891665765968,32994.9515975069,46253.7028992222,1462.30309620545,"positive"
158.619000700382,490.585718839163,75023.248758423,2.68518004122098,0.369498913670997,0.427667564612094,-1.44727711929093,28162.6546605853,38902.0726277046,1679.13142682479,"positive"
36.184279503434,36.3161123655433,1157.85805672563,1.26883728860311,0.479228128983812,0.672326155013517,3.87565358373014,-4292.77645952165,2773.13377850559,29.0009661893056,"positive"
10.1370273766905,10.8876808729991,10924.684354423,1.14699978070464,0.505064166405309,0.721101860383516,14.6738746348952,163.332209165964,-3374.33444878755,-80.7644569316577,"positive"
124.875595971309,365.383499294717,38283.7362494248,2.81174283294177,0.450271118327777,0.557047626403387,8.14405987362184,19129.8746158301,25456.1149357903,1440.77826964247,"positive"
90.53592870542,134.478631603455,5540.64899152824,1.1750239339903,0.44232707962673,0.658832440894251,-6.51152446031242,8073.58252217349,3629.85233671245,1017.8331731632,"positive"
187.588111096944,187.903627544567,20014.1343270522,0.717638861244355,0.906959408766157,0.989100624022878,26.3638332077073,21083.4074575416,21589.9693148064,560.401268984385,"positive"
21.0503150268461,19.8410267492132,-632.759964844878,1.04065649670358,0.450627975219269,0.690320074047861,6.98416225845366,807.759878072377,-1903.95013410027,-46.0085791605644,"positive"
203.663544385451,479.716824759635,93029.3248700559,2.38421526684949,0.440779784006467,0.522101942181015,24.4527963044994,33055.3684921033,43061.1362283829,1518.31757896623,"positive"
173.196115354554,163.983303315956,24975.8203170099,0.525501025705808,0.875797283830004,0.969334119017969,33.2160231426874,25361.3779452058,23191.2296512248,884.650643916194,"positive"
170.453346404105,142.368889804761,23287.8539986703,0.860816625668511,0.823344169982334,0.925151423088358,10.910725969689,19012.82418833,26429.5468306197,1524.2522187113,"positive"
64.620507183383,115.864385092324,4266.09335298228,1.14417814352759,0.469701334454463,0.594929800452763,3.57953353701628,4357.31717280173,1993.14656852084,917.756183681621,"positive"
128.023321330028,351.846980196844,44689.7984918261,2.66219265087328,0.419025295605497,0.522366949432455,22.9212834155654,16089.5807457908,25979.4956258106,1283.36394739465,"positive"
157.920123763762,154.960779174318,28517.2874939299,1.09421254412834,0.609036390565412,0.705537203685968,60.8161917240123,14147.1794682938,15583.5026351095,598.122622021488,"positive"
17.5285125081248,34.8091346060735,10349.8086153898,1.15305105172442,0.505182399930206,0.751690678830204,0.228079223736585,-1535.89474089857,354.349895334982,195.837344347196,"positive"
174.804198036042,166.807706024968,29875.2691680145,0.82994298741917,0.811079496152057,0.978030329261234,17.3688618649117,19163.9008874763,23426.2646317902,1519.16828531877,"positive"
156.195123815834,167.240414203155,20524.1737823288,1.03781325630842,0.56779782284529,0.613312828576938,47.1129554744836,13162.3209371993,14684.0618037176,291.613816979294,"positive"
137.425105935861,336.456201969492,42305.3242311835,2.8366902763649,0.408721299563198,0.598155419690662,24.6572317709609,17443.1652874394,24931.1427258884,1351.02042100767,"positive"
19.8587073162422,-18.6301125442702,3444.33071162248,1.1735306315746,0.472941584831659,0.75455502213235,15.5898954908105,-727.418233930373,4325.02940530115,134.315271906,"positive"
176.630378970426,451.02766117199,87191.8753553107,2.59978331865507,0.439079902167027,0.506429929438164,31.730465597677,35834.2454329298,49561.1879837639,1459.94395252496,"positive"
10.898288646168,31.5489161906092,2051.03538042906,1.19016638087778,0.503750564905785,0.740409351693545,4.41605475508596,-531.463893437683,1643.05081147737,9.38514769999587,"positive"
89.8869900568087,47.1616240129311,4166.78852641095,1.28544569568979,0.469075868749788,0.601390521322382,13.4143653372195,4305.92957255989,4940.95374966028,1001.46751116143,"positive"
140.075710585883,207.978391390241,22384.6688284084,1.04293992160625,0.539265036520818,0.671939825943434,53.1705183330145,13507.3383210402,18158.1700769613,304.66927658852,"positive"
34.6432049135165,-1.65334948332978,-2990.34917454299,1.04694778730435,0.459452087170834,0.73906491855353,-4.0851214630572,1647.82925576953,-2470.85807611332,155.699174885464,"positive"
29.688117170964,4.76129797708979,-2996.3840430524,1.02431951867602,0.441996320011987,0.752095272170501,-1.24616735786763,2563.18978244764,523.159367259897,-152.526983211871,"positive"
189.13906299962,177.952054367015,21344.1472888089,0.886062292527102,0.785374577713415,0.980549428335788,25.1091515938748,18825.5696963942,23906.1392088183,1676.2428277735,"positive"
81.8239171095909,54.4980317564006,7931.91623905859,1.09185811870165,0.438784540297563,0.603806069013475,0.205688320052404,2629.0044615577,7545.97619898791,1045.37908026568,"positive"
185.407581467783,487.706451976255,81930.2226782927,2.69054674322229,0.352841888700887,0.431799664576955,27.3811611690282,28514.0992171736,34666.3579983741,1796.10662058182,"positive"
122.908980016484,339.223709682789,47073.3752134226,2.77551782586428,0.393896566888114,0.546262612506082,18.8501125879839,18618.4547233373,30406.8300726153,1418.50370779083,"positive"
153.93824951592,155.30505677479,22223.940839707,0.787741774833824,0.791578898674528,0.95102521319397,3.66537012418385,18814.8272123085,21499.5429428147,1424.80447698284,"positive"
33.5312160255276,51.8496112787936,-2699.2282695656,0.956757957704887,0.513582263489495,0.709433962130848,2.32206234636859,1591.94893279276,-1618.04299513945,-46.2198684386394,"positive"
14.1626994153389,10.3340007444832,7675.96840342647,1.33895281234743,0.442645941785622,0.732795489952441,-4.33056534995654,781.597349481351,5885.81465580778,-35.0877729484673,"positive"
82.8136323551081,88.0444344988677,13841.3590022881,1.16023213496438,0.449424026108838,0.602225974557573,5.91871002990943,2189.84382028759,7145.07106910763,1082.76641475677,"positive"
85.9228078705238,36.254204023395,12595.3310806463,1.21990671029236,0.469568001764993,0.605756064584628,-26.7989111966809,5400.40907296233,4924.9196016154,1089.27531492957,"positive"
31.0360210720601,9.27549014677619,8030.52993217836,1.03871287313979,0.486112235030973,0.786099034266256,17.5562644717174,-1610.62749093978,-1406.93283604619,-56.9248579326312,"positive"
62.3567871081458,104.594124650291,2810.28456486027,1.3420845044271,0.483573014478868,0.585490829351023,18.2416051872224,5614.62361924635,5082.06715425722,206.020977296837,"positive"
138.405170150795,358.417011906531,53010.974103776,2.50205809124629,0.389674871843802,0.53146496239368,20.2170925963602,18355.0926332254,25685.4265731817,1213.14245089384,"positive"
17.4255427791352,76.8214365917599,6044.06526768128,1.10373907724048,0.459081167122643,0.748344448038516,4.97964930662823,3189.81378678795,-2299.72928867982,97.4806151065152,"positive"
30.0913341709233,32.4608887440484,2155.98916040498,1.15240085586649,0.498729391984245,0.760074298978668,20.0561996072179,279.054892089029,429.171357855994,9.65864765504261,"positive"
188.381309500282,147.480966149007,28238.133043485,0.645016360044248,0.889868513093355,1.02488955646179,30.9532331964893,20382.155834495,26673.5978214076,708.42561665185,"positive"
17.7116410350456,32.6903581467566,1125.33287043085,1.05563272758326,0.478885287695889,0.768292897207749,-1.14039160959082,-1914.88470614946,1666.97404846086,85.6987297118729,"positive"
181.862227414191,457.995106366529,86769.0758331294,2.652378543952,0.37377210652223,0.567636094461254,21.6031495508511,35195.3209277329,43508.9184946771,1590.85378384668,"positive"
21.665484939542,48.9290683763608,-5716.44161002479,1.18855313292962,0.493034809352798,0.742585759197205,14.9512209933049,-591.438848199845,5015.96580449936,-101.383438957126,"positive"
102.261639578092,114.493985056191,12787.2312195772,1.09343908554401,0.439016941083929,0.59795178363779,-8.43509355703421,2705.90127281623,3535.86196761759,979.35030637856,"positive"
201.021559203214,471.925538967269,96221.2394159281,2.55781723646152,0.354057265494869,0.576579343786596,21.6630097221629,33529.3419032663,46560.5677555263,1666.69582941993,"positive"
53.9525344542283,54.5665780961191,13438.7855857622,1.0103176798779,0.367932197305644,0.412150662393814,65.3963040280251,1446.79180302787,4471.18955538656,80.696471194835,"positive"
80.9834033910191,95.092402294324,7624.30247996676,1.44672274651784,0.479659612480178,0.592216993506574,2.13355193014145,1564.3790791413,4198.55229487355,468.053563827971,"positive"
63.2716727615461,90.6638674152967,4219.44296890387,0.955779266179717,0.440046245111773,0.421523821248193,90.7676689752327,-2406.4145991365,5318.03753409705,-109.201778685863,"positive"
9.0094204306112,46.2911595027853,1631.48328016745,1.00953551598122,0.495989112697925,0.795686016292487,8.93794405340434,-322.91402172779,6649.77681280654,73.8844857856581,"positive"
20.7027845610911,20.0896787978685,5675.27181580776,1.1726646781941,0.494308222807049,0.777603248432815,11.9796244807688,1041.40665439871,3127.00678161337,-29.2646126102553,"positive"
178.451764198297,455.87474431515,88151.4014844522,2.8188194661239,0.398815415315918,0.422681985122621,16.9399505619471,27228.7970961059,37678.7295538303,1871.0859081146,"positive"
30.4008059872091,43.5918322989524,2639.36242566975,0.934855738316838,0.433908026645793,0.710918742299719,-6.62055513519425,194.528276942381,-1593.66956890773,190.202707818661,"positive"
163.422825776509,160.710523887804,30293.499554223,0.791350053408663,0.902065148756548,1.01236954688915,29.9307065975214,22258.2789048165,29135.3829743621,830.491320555829,"positive"
69.6021829133481,75.7365099603257,4558.41439823064,1.17415320214393,0.417290449233309,0.419391024473895,84.2018692682507,2279.95026832667,1980.31464054731,188.098220627307,"positive"
192.323630800241,461.918039730941,89321.9894268347,2.51857638709168,0.367706825815034,0.510309854599279,34.3548740416852,34204.9979981882,47034.478786008,1574.43197115483,"positive"
25.0603838066479,11.0925095617512,5841.86653810676,1.04623794411552,0.533455961580369,0.776807403080115,2.93421178721709,2688.38492365101,919.980729019062,-80.4019784845839,"positive"
22.1693968121808,21.5220538227997,16167.3388438629,0.985937917581107,0.48032141689481,0.744040918942212,20.2266911405414,-2249.03521868752,264.116958077958,34.4752324965636,"positive"
47.0328302859154,-1.51748144523051,669.454252465095,1.15772827996531,0.482146630684273,0.700761293654493,20.5801882249569,800.792311672249,5254.16950886353,156.901884442104,"positive"
27.1311858749536,16.2371786481489,-1906.93811255563,1.26006448415931,0.436895508145645,0.726622927060473,14.1653916585547,-15.174434816915,5164.19194073184,-163.3962577218,"positive"
64.8646826110656,75.6557937947086,5120.20449403686,0.624550773888529,0.460953840991876,0.459065138644552,260.440910483115,3258.72049511062,-280.127028353229,37.1343516793661,"positive"
53.154560391135,98.1351291904179,2969.52657636828,1.03907336860443,0.396101366767813,0.429566685215819,81.2832088290688,5648.05076926502,1145.40685011161,-16.3191700479973,"positive"
155.024262703802,125.316142203779,27025.0699524486,1.02193669476429,0.778947102849725,0.994558713773841,17.6841635455867,19416.6941246958,23456.9053245524,1447.10530176648,"positive"
13.2960150191068,35.7635703923305,2299.56773904265,0.989842214639437,0.511253328731762,0.791082881307175,-9.59079353465932,1166.92299207107,-2033.18079479957,-48.1417910863069,"positive"
23.9264742676007,32.568682981601,6389.43967436475,0.852162094707861,0.504459562452649,0.740346458891655,13.5277920737187,2216.53881575529,2005.29912523809,92.6580447872237,"positive"
41.1378636776089,-5.58404249416313,-3130.34870723515,1.14469460752397,0.479297469442729,0.719560971630875,8.09957193348863,3008.90795311226,1971.81092704307,84.2942003409688,"positive"
80.9304896815578,91.3289720008274,-385.496486370034,1.17440004002919,0.421253262192274,0.452462134799355,65.0335330420746,3914.21733936826,5065.44725281052,83.0015921192753,"positive"
201.140415666354,425.771578352629,93810.1100254943,2.52323431274885,0.323998703640806,0.567072313941576,20.9725733903809,29529.0184831956,44285.7102355748,1516.9448832379,"positive"
140.518400800928,318.817239841423,45361.0942007736,2.62624179069848,0.414881397724216,0.588789125714478,4.33130969934739,15761.5622624947,27377.5087116539,1399.09417790501,"positive"
26.7063332725928,54.5632002900967,-2941.59570415596,1.13626479342642,0.463720421978218,0.72964581971215,17.9219005888121,-73.1496483389304,2689.93936596328,111.908965572531,"positive"
60.1825053278324,83.7736154696693,2407.42812302011,1.31578657494721,0.494162195136118,0.583820209205576,14.1826771937978,6591.30411448396,3701.76799897007,152.377722851553,"positive"
24.8354170880599,27.1088427953427,-1421.1927077445,1.2324144149533,0.505680260244656,0.7674763159504,-4.27136999939707,671.290359060693,-2115.61388974338,156.739341757546,"positive"
5.71109330812303,-4.66376098166802,3405.03870600248,1.13220316531119,0.479001294434651,0.742048553065317,8.49175716257056,598.404490889339,109.013390491638,166.734643499791,"positive"
170.970759139753,438.201077220932,79742.0322090928,2.77428514574554,0.340912420595173,0.452459657747053,4.51186511720999,27987.3836801074,39173.8134873696,1763.47001852187,"positive"
45.0238578396984,38.9322860069,6528.16539293468,1.10058327522766,0.406436830501593,0.708888438547175,-4.75845085839205,1420.55026854272,2245.34913884149,33.4619179921983,"positive"
66.2641730157328,46.0543808300551,4272.95015702806,0.80859662111892,0.4278229285962,0.422326642444046,229.99247007369,3634.70547453618,2891.2723590595,13.2734226315377,"positive"
38.5793058314465,18.6308073897458,1717.73753637025,1.21673388189411,0.497110980055046,0.728364873174219,1.48229166857439,2136.93742834741,-5695.05795749849,151.780528229585,"positive"
33.7239174207521,0.844421943821569,833.893341986774,0.847058266379463,0.432549504675442,0.75724033820874,2.77774822329045,-3585.1662294265,688.517895648926,9.62490291727362,"positive"
145.480686806082,133.195656360572,22925.6363331432,1.0832501998595,0.584583142774228,0.636424278362035,55.9624048367551,10615.5200496096,16846.1334798249,382.524172982544,"positive"
202.83168000663,515.025956981876,86530.5708907291,2.3912663399781,0.384538392476698,0.513657586476757,17.0497730990031,32873.9514275039,43630.4722592561,1549.14752919727,"positive"
27.2432780099718,24.6197292168293,5747.53169986967,1.17824045410067,0.480386740163796,0.694057467684602,17.2240883570912,1718.29465677683,-383.460881910583,-136.525271323473,"positive"
19.5823628903677,48.496325053601,-4717.23547728738,1.19658149414686,0.444693514568332,0.711467353945353,-4.76493931535656,-2261.88476883945,1348.97502752416,-6.11850506740342,"positive"
174.682123930755,488.745006031123,86513.092796931,2.66349710866824,0.307576587819859,0.413567061707987,7.71935943773058,29018.1425558821,35860.3006145963,1633.93429343537,"positive"
57.3399993040518,113.253115754533,5440.84824116398,1.25457700760697,0.49368289604021,0.567409479843299,6.26463101822122,1601.99644874046,6136.16977292459,326.730252081579,"positive"
72.3386047351662,79.6641281039017,7754.23011944194,1.13262864230036,0.361981111910392,0.447089796325143,59.6509442029286,2321.01030260778,1787.99652321008,-75.2853863278652,"positive"
178.841956512528,442.690595887719,81708.9459845387,2.86084704543054,0.319102341101961,0.427366129143405,10.675697487016,27817.1457565101,35395.9122719394,1714.87954073839,"positive"
24.5750716757006,9.18024952938195,-4749.80622620289,1.15280645376241,0.485600591753808,0.773358530372879,6.03786001639273,-1554.49978509312,3052.52558634141,39.3043875709985,"positive"
169.284887360951,487.985137022339,83409.2988182847,2.72143564800363,0.31824204892886,0.39539714811192,9.52097529483981,30775.5686398642,35622.6604870805,1871.01673279304,"positive"
38.0386370194384,1.42477494255776,-1779.16493614438,1.01597485040953,0.459496759956138,0.690088210127923,6.9589495433225,1632.82598132168,-2172.32215196162,112.248757372993,"positive"
61.7439006211208,107.925001115855,11628.9270972039,1.28179520173024,0.506498779212836,0.555618462363554,24.3510397130733,8222.74463134083,2052.44309573954,206.374438163708,"positive"
62.5025555519226,83.939381204051,3439.58545839383,1.31942708671705,0.488389225120372,0.581300103552077,24.0540936148736,4590.33747212628,5730.02427324581,146.183624763668,"positive"
32.0955327947379,22.9947425057562,-6603.89853684075,0.988766048669177,0.483951912268236,0.794268098111444,-7.55856529827348,-126.81816494062,2356.68602787057,106.721541618543,"positive"
88.6431858344382,86.1518465978143,6089.35119756932,1.23775550200369,0.485385013589227,0.643937691755923,6.82366622068715,4144.95514021155,7453.30590568452,1017.69516140224,"positive"
194.930428007108,463.797678276767,84834.3132105483,2.48944799598079,0.375606407821551,0.519901515964827,12.2110647792886,32089.7735622341,47320.9797829611,1231.33968393121,"positive"
26.082587835165,51.8286922145499,-2568.85351235151,0.948825904833461,0.48713890149411,0.723274418737842,5.89233858987616,-1740.42502158375,3159.03105731742,150.010320758855,"positive"
139.534651767532,357.256601685059,43419.3133482555,2.70930586441384,0.35633481580535,0.597396004228556,13.3783745771646,14043.9449759232,24196.5941872953,1401.86628860378,"positive"
172.783806121976,139.745166791249,21862.5517828463,0.839616956347487,0.798661087013243,0.970406436726983,7.21101291046715,19430.9541412695,26548.4264138024,1445.21336655483,"positive"
6.3261237251806,51.6664043368061,-827.100464566879,0.969108203813024,0.464655634499582,0.731936771805824,0.274872867850251,3046.68697732216,-2285.75001579632,73.1476099457122,"positive"
115.108816576381,384.433830124914,45791.9535959696,2.90989879858149,0.372676854233384,0.566094843820929,14.1390966775196,18379.3157039653,26847.3034250785,1283.65076873185,"positive"
77.3834395167257,49.8560308783369,-1631.60223803574,0.660586982984295,0.475556502110108,0.515549601368771,246.403279552343,941.651230006735,710.10039083017,202.089202931518,"positive"
34.6686893046731,41.6353759354735,4057.01370364469,0.975653708711711,0.491536738651332,0.742459371108292,-7.65339998038911,1766.74761465234,2204.87155862724,68.0480600596525,"positive"
18.6643330814052,38.289110001336,885.278037800911,1.1867936572257,0.508329708089897,0.747867881287201,-1.15687688458843,756.482098007723,409.971166047818,196.13919538489,"positive"
15.0082032922226,8.89458331651334,707.631061372828,1.20726274311942,0.488462346019281,0.785765583886331,18.8616719133258,1430.93134112087,-395.247646659027,190.076029848685,"positive"
102.978625068117,83.0545953937352,1129.80080765857,1.09899156424074,0.399339185824068,0.597963726514021,-0.925280445985934,5238.44655421578,6015.66815793167,959.163098392298,"positive"
20.1634089582282,75.3962556332117,-367.683092071844,1.16505783777127,0.491504081422161,0.694270315165904,11.9209771615737,148.606671722373,1352.27135293969,-4.6866417687895,"positive"
145.393194366996,366.921212929794,42085.01459627,2.60404429233934,0.41928427946216,0.566478878524766,11.3599743799894,19484.8963576115,25153.2556409944,1382.5001324108,"positive"
45.1018137956286,47.7746982789277,4422.48050643759,1.19969859384899,0.546723269075679,0.774390822281642,1.45382915059407,971.062976368651,216.028079852354,20.2048763937241,"positive"
13.9569451399614,35.3358848317983,6730.61718635761,1.1733565680547,0.50707957849717,0.738823677804546,7.77542463934967,-2201.7113192404,-1296.11897981095,169.821689146693,"positive"
19.8363646401909,42.9721691514527,6061.18865741286,1.15280143348164,0.484805335090369,0.737966760564107,8.49496800774599,1475.19495038131,3287.53441692411,75.6540679947741,"positive"
59.9283298012297,99.4326934599185,2241.44917096511,1.40559592786894,0.474757968618548,0.568826765728566,22.7561792430513,6717.55274492405,4127.67519346058,264.528720802207,"positive"
99.4417533090201,104.94937843046,6332.48229334786,1.2149375736378,0.458588357989173,0.588939328593395,2.38859417140566,4880.12978488986,6484.96038319844,857.236470433885,"positive"
16.5393847028648,36.0504432441394,523.456060595965,0.997917881492298,0.452777780640448,0.73651057868552,-0.547429589414912,3786.51118903855,3606.37491494687,-4.7631823924317,"positive"
133.354825137257,135.158518669569,19728.6440101577,1.07966530791472,0.596076577920362,0.631743104318434,35.5756919265024,14993.7184464387,19241.980564137,328.761753493609,"positive"
112.513339615597,158.279430899767,2941.76599427462,1.02198531852695,0.425546843372154,0.631255628876222,-18.0715236467051,5289.5502933317,9327.84983962045,1069.74071893534,"positive"
37.7112976453563,50.1282812379275,4215.78724771981,1.35935285780981,0.472747232726259,0.764916085623153,12.1340042433815,36.8826522739392,-45.5279554924477,-34.8502229675303,"positive"
79.8882103775688,90.321464458281,7197.92276776052,1.37732099192919,0.456609002563077,0.572126009597665,15.8958385854699,-109.272640710291,5484.70060664198,217.650594796114,"positive"
167.590101593876,498.417265874299,84531.4465006672,2.70352452641745,0.339984380922164,0.435424020543585,25.0235789583222,25876.2607414265,39113.8114225809,1720.28566249537,"positive"
27.8910951473097,16.8208818302681,-4178.97747212272,1.05940822116614,0.501730342832038,0.767140351839797,3.04786475328124,121.975175310083,-2259.09060714268,135.061202778902,"positive"
33.9821360634417,70.6805993035114,-532.238667608245,1.12159656746844,0.463237988916637,0.757097205307127,12.7038607784428,-1450.03870548758,-2362.02898087418,87.750363055058,"positive"
