"idx","Length","Diameter","Height","Whole_weight","Shucked_weight","Viscera_weight","Shell_weight","Class"
1,0.64,0.54,0.175,1.571,0.627,0.271,0.475,"positive"
2,0.66,0.505,0.2,1.6305,0.4865,0.297,0.61,"positive"
3,0.655,0.5,0.18,1.4155,0.508,0.314,0.445,"positive"
4,0.64,0.505,0.165,1.4435,0.6145,0.3035,0.39,"positive"
5,0.565,0.455,0.15,0.8205,0.365,0.159,0.26,"positive"
6,0.52,0.435,0.195,0.973,0.2985,0.2135,0.355,"positive"
7,0.565,0.48,0.175,0.957,0.3885,0.215,0.275,"positive"
8,0.545,0.41,0.145,0.873,0.3035,0.196,0.31,"positive"
9,0.525,0.425,0.12,0.8665,0.2825,0.176,0.29,"positive"
10,0.605,0.475,0.16,1.616,0.5495,0.332,0.34,"positive"
11,0.485,0.38,0.14,0.673,0.2175,0.13,0.195,"positive"
12,0.425,0.315,0.125,0.3525,0.1135,0.0565,0.13,"positive"
13,0.65,0.525,0.18,1.626,0.597,0.3445,0.53,"positive"
14,0.615,0.48,0.19,1.36,0.5305,0.2375,0.47,"positive"
15,0.58,0.455,0.155,0.8365,0.315,0.1385,0.32,"positive"
16,0.665,0.525,0.165,1.338,0.5515,0.3575,0.35,"positive"
17,0.575,0.45,0.17,1.0475,0.3775,0.1705,0.385,"positive"
18,0.495,0.37,0.125,0.4775,0.185,0.0705,0.169,"positive"
19,0.545,0.405,0.175,0.98,0.2585,0.207,0.38,"positive"
20,0.5,0.405,0.14,0.6735,0.265,0.124,0.25,"positive"
21,0.61,0.5,0.24,1.642,0.532,0.3345,0.69,"positive"
22,0.465,0.35,0.13,0.494,0.1945,0.103,0.155,"positive"
23,0.725,0.56,0.21,2.141,0.65,0.398,1.005,"positive"
24,0.48,0.395,0.15,0.6815,0.2145,0.1405,0.2495,"positive"
25,0.635,0.51,0.155,1.156,0.428,0.289,0.315,"positive"
26,0.58,0.49,0.195,1.3165,0.5305,0.254,0.41,"positive"
27,0.57,0.475,0.195,1.0295,0.4635,0.1905,0.305,"positive"
28,0.645,0.485,0.155,1.489,0.5915,0.312,0.38,"positive"
29,0.565,0.455,0.17,0.9065,0.342,0.156,0.32,"positive"
30,0.57,0.45,0.175,0.9555,0.38,0.1665,0.295,"positive"
31,0.645,0.525,0.19,1.8085,0.7035,0.3885,0.395,"positive"
32,0.7,0.53,0.19,1.3185,0.548,0.233,0.42,"positive"
33,0.653214210034348,0.504762106575072,0.179404736678116,1.43401268931059,0.522167267060839,0.308880735431798,0.448571579931304,"positive"
34,0.650650433686096,0.511598843503743,0.178550144562032,1.4605905041208,0.542506559423637,0.301531243233476,0.453699132627808,"positive"
35,0.642563159702113,0.533164907461032,0.175854386567371,1.54442857775476,0.606665599696571,0.27834772447939,0.469873680595774,"positive"
36,0.64727292392985,0.520605536187068,0.177424307976617,1.49560402192723,0.569301470156526,0.291849048598902,0.460454152140301,"positive"
37,0.642508825747063,0.533309798007831,0.175836275249021,1.54499183975544,0.607096649073297,0.278191967141582,0.469982348505873,"positive"
38,0.652829014309682,0.505789295174181,0.179276338103227,1.43800588498963,0.52522315314319,0.307776507687755,0.449341971380636,"positive"
39,0.644848981911782,0.527069381568581,0.176616327303927,1.52073222084786,0.588531410166528,0.284900414813776,0.465302036176436,"positive"
40,0.654446781325387,0.501475249798968,0.179815593775129,1.42123503359349,0.512388868151931,0.312414106466109,0.446106437349226,"positive"
41,0.653049654656788,0.505200920915231,0.179349884885596,1.43571858005796,0.523472739722813,0.308409010016127,0.448900690686423,"positive"
42,0.651553180160699,0.509191519571468,0.178851060053566,1.45123203233408,0.535344770725118,0.304119116460672,0.451893639678601,"positive"
43,0.648886721328599,0.516302076457068,0.177962240442866,1.47887432222685,0.556498677459778,0.296475267808652,0.457226557342801,"positive"
44,0.640550488468725,0.538532030750066,0.175183496156242,1.56529326954088,0.622632791481446,0.272578066943679,0.473899023062549,"positive"
45,0.646936807646416,0.521501846276224,0.177312269215472,1.49908842739882,0.571967992671765,0.29088551525306,0.461126384707168,"positive"
46,0.647024440765381,0.521268157958984,0.177341480255127,1.49817996406555,0.571272769927978,0.291136730194092,0.460951118469238,"positive"
47,0.644818630313966,0.527150319162756,0.176606210104655,1.52104686574521,0.5887721995092,0.284813406900037,0.465362739372067,"positive"
48,0.640857856916264,0.53771238155663,0.175285952305421,1.5621068833014,0.620194335130975,0.273459189826623,0.473284286167473,"positive"
49,0.649891819708282,0.513621814111248,0.178297273236094,1.46845480235748,0.548524896980962,0.299356549830409,0.455216360583436,"positive"
50,0.640944511999842,0.537481301333755,0.175314837333281,1.56120855893497,0.619506871467922,0.273707601066213,0.473110976000316,"positive"
51,0.647158522211248,0.520910607436672,0.177386174070416,1.49678998641006,0.570209057124099,0.291521097005578,0.460682955577504,"positive"
52,0.640260668750852,0.539543829686008,0.175325835938565,1.57177548953379,0.625168802025262,0.271338869376108,0.476759514068253,"positive"
53,0.640718186113518,0.538084837030619,0.175239395371173,1.56355480395653,0.621302390166093,0.273058800192084,0.473563627772965,"positive"
54,0.657968597491272,0.508554954390274,0.19746074686409,1.62445657753653,0.500770602623816,0.294359176738653,0.596288033066085,"positive"
55,0.650730046196841,0.511386543475091,0.178576682065614,1.45976518775942,0.541874966838397,0.301759465764277,0.453539907606319,"positive"
56,0.641292857853696,0.536552379056811,0.175430952617899,1.55759737358335,0.616743327694014,0.274706192513928,0.472414284292608,"positive"
57,0.652632867074572,0.5178924826195,0.190791083843214,1.60858277954685,0.538254108801135,0.287422727196943,0.560271852753358,"positive"
58,0.65953590718098,0.505812162433285,0.199419883976225,1.62911932386342,0.489760252053617,0.296396679335274,0.606867373471614,"positive"
59,0.648003140864894,0.51865829102695,0.177667713621631,1.48803410636727,0.563508415805176,0.293942337146029,0.458993718270212,"positive"
60,0.6549457549816,0.5138449287822,0.193682193727,1.61546362107026,0.522006071254262,0.29042948147608,0.575883846125798,"positive"
61,0.653266021683812,0.516784462053329,0.191582527104765,1.61046641450934,0.53380619767122,0.288245828188956,0.564545646365732,"positive"
62,0.641036580891814,0.537235784288496,0.175345526963938,1.56025411142153,0.618776458258275,0.273971531889867,0.472926838216372,"positive"
63,0.650942344468786,0.510820414749905,0.178647448156262,1.45756436234026,0.540190733880969,0.302368054143852,0.453115311062429,"positive"
64,0.654642240661196,0.514376078842906,0.193302800826496,1.61456066596706,0.524138259355095,0.290034912859555,0.573835124463076,"positive"
65,0.644474845333025,0.528067079111934,0.176491615111008,1.52461077004764,0.591499560358003,0.283827889954671,0.46605030933395,"positive"
66,0.654944211714901,0.500148768760264,0.179981403904967,1.41607833855553,0.508442587061785,0.313840073582716,0.445111576570198,"positive"
67,0.644604126682971,0.503465291105676,0.169604126682971,1.43490563019179,0.581810700550908,0.306722888678079,0.406881797837559,"positive"
68,0.642988619529642,0.504003793490119,0.167988619529642,1.43792124354467,0.593280801339541,0.305592033670749,0.400958271608688,"positive"
69,0.641592213261174,0.504469262246275,0.166592213261174,1.44052786857914,0.603195285845664,0.304614549282822,0.395838115290971,"positive"
70,0.647598212222802,0.502467262592399,0.172598212222802,1.42931667051744,0.560552693218109,0.308818748555961,0.417860111483606,"positive"
71,0.642422277777223,0.504192574074259,0.167422277777223,1.43897841481585,0.597301827781717,0.305195594444056,0.398881685183151,"positive"
72,0.650717690188903,0.501427436603699,0.175717690188903,1.42349364498071,0.538404399658786,0.311002383132232,0.429298197359312,"positive"
73,0.641117138273548,0.504627620575484,0.166117138273548,1.44141467522271,0.606568318257807,0.304281996791484,0.394096173669677,"positive"
74,0.647123562658671,0.502625479113776,0.172123562658671,1.43020268303715,0.563922705123434,0.30848649386107,0.416119729748461,"positive"
75,0.643781217043288,0.503739594318904,0.168781217043288,1.43644172818586,0.587653358992655,0.306146851930302,0.403864462492056,"positive"
76,0.650366956376238,0.501544347874587,0.175366956376238,1.42414834809769,0.540894609728712,0.310756869463366,0.428012173379539,"positive"
77,0.652872691167286,0.500709102944238,0.177872691167286,1.41947097648773,0.523103892712272,0.3125108838171,0.437199867613381,"positive"
78,0.644260977340164,0.503579674219945,0.169260977340164,1.43554617563169,0.584247060884838,0.306482684138115,0.4056235835806,"positive"
79,0.653394716617186,0.500535094460938,0.178394716617186,1.41849652898125,0.519397512017982,0.31287630163203,0.439113960929681,"positive"
80,0.652875729911029,0.500708090029657,0.177875729911029,1.41946530416608,0.523082317631692,0.312513010937721,0.437211009673774,"positive"
81,0.654791946910555,0.500069351029815,0.179791946910555,1.41588836576696,0.509477176935063,0.313854362837388,0.444237138672033,"positive"
82,0.64289244680549,0.504035851064837,0.16789244680549,1.43810076596308,0.59396362768102,0.305524712763843,0.400605638286797,"positive"
83,0.643876596161863,0.503707801279379,0.168876596161863,1.43626368716452,0.586976167250774,0.306213617313304,0.40421418592683,"positive"
84,0.649530396563932,0.491795594845898,0.166325991409831,1.4557015852551,0.553671188691165,0.312906079312786,0.40944757766556,"positive"
85,0.645302513518836,0.485453770278255,0.155756283797091,1.48677652563655,0.588974012117716,0.312060502703767,0.381966337872436,"positive"
86,0.654818526899908,0.499727790349862,0.179546317249769,1.41683382728568,0.50951530038577,0.313963705379982,0.4438204248494,"positive"
87,0.641598466038704,0.484149616509676,0.155425191745162,1.49979987032712,0.587928389340639,0.313700766980648,0.376598466038704,"positive"
88,0.653851950750686,0.498277926126029,0.177129876876716,1.42393816198246,0.51758621123177,0.313770390150137,0.437537679879461,"positive"
89,0.646967241270468,0.487950861905701,0.159918103176169,1.47454077666206,0.575073535391595,0.312393448254094,0.39278706825804,"positive"
90,0.652381529272534,0.496072293908801,0.173453823181335,1.43474575984688,0.529864230574342,0.313476305854507,0.427979940271471,"positive"
91,0.646098497947678,0.486647746921517,0.157746244869195,1.48092604008457,0.582327542136889,0.312219699589536,0.387140236659907,"positive"
92,0.609095344208181,0.476023836052045,0.159488081973977,1.60299728213903,0.55380011141859,0.32995232789591,0.344095344208181,"positive"
93,0.64984956645174,0.492274349677609,0.167123916129349,1.45335568657971,0.551006120127975,0.312969913290348,0.411522181936307,"positive"
94,0.640465411478654,0.483866352869663,0.155566823565168,1.50339731855528,0.586738682052586,0.314267294260673,0.375465411478654,"positive"
95,0.636651271078736,0.482912817769684,0.156043591115158,1.51550721432501,0.582733834632672,0.316174364460632,0.371651271078736,"positive"
96,0.616634665485472,0.477908666371368,0.158545666814316,1.57905993708363,0.561716398759745,0.326182667257264,0.351634665485472,"positive"
97,0.648269411460497,0.489904117190745,0.163173528651241,1.46496982576535,0.564200414304854,0.312653882292099,0.401251174493227,"positive"
98,0.633629242442548,0.482157310610637,0.156421344694681,1.52510215524491,0.579560704564676,0.317685378778726,0.368629242442548,"positive"
99,0.648501538252458,0.490252307378687,0.163753845631145,1.46326369384443,0.562262155591976,0.312700307650492,0.402759998640977,"positive"
100,0.636344023467973,0.482836005866993,0.156081997066503,1.51648272548919,0.582411224641372,0.316327988266014,0.371344023467973,"positive"
101,0.653189942503814,0.50482681998983,0.179396647501271,1.43426426271047,0.522359789469745,0.308811168510932,0.448620114992373,"positive"
102,0.642750774386805,0.535873838419793,0.176375387193402,1.58612925912742,0.618747676839586,0.291218191743013,0.490129259127425,"positive"
103,0.65048801357043,0.512031963812187,0.178496004523477,1.46227425931988,0.543795092341257,0.301065638901899,0.45402397285914,"positive"
104,0.6465340875322,0.5301988687017,0.1782670437661,1.6069374814271,0.6073977374034,0.319025543361669,0.5109374814271,"positive"
105,0.645236896858551,0.526034941710532,0.176745632286184,1.51671083589969,0.585453951588832,0.286012437661178,0.464526206282899,"positive"
106,0.644846322073136,0.532730516890297,0.177423161036568,1.59765477140225,0.612461033780593,0.306620467237546,0.501654771402245,"positive"
107,0.640839716158807,0.537760756909847,0.175279905386269,1.56229494248703,0.620338251806796,0.273407186321914,0.473320567682385,"positive"
108,0.647894466428552,0.528158300357172,0.178947233214276,1.61441956535704,0.603316600714345,0.329024328249856,0.518419565357035,"positive"
109,0.6475304775103,0.528704283734551,0.17876523875515,1.61241762630665,0.604408567469101,0.326349009700702,0.516417626306647,"positive"
110,0.654381995905424,0.501648010918871,0.179793998635141,1.42190664244711,0.51290283248364,0.312228388262214,0.446236008189153,"positive"
111,0.645633930210024,0.531549104684964,0.177816965105012,1.60198661615513,0.610098209369928,0.312409387043677,0.505986616155133,"positive"
112,0.644082727287896,0.533875909068156,0.177041363643948,1.59345500008343,0.614751818136312,0.301008045566035,0.497455000083428,"positive"
113,0.64703460831428,0.521241044495255,0.177344869438093,1.4980745604753,0.571192107373383,0.291165877167601,0.460930783371441,"positive"
114,0.641708822221262,0.5354431407433,0.175569607407087,1.55328520963958,0.613443343711318,0.275898623700952,0.471582355557475,"positive"
115,0.647087349058129,0.529368976412807,0.178543674529064,1.60998041981971,0.605737952825613,0.323092015577247,0.513980419819709,"positive"
116,0.650992458439432,0.510686777494848,0.178664152813144,1.45704484751122,0.539793163047172,0.302511714193039,0.453015083121136,"positive"
117,0.646215373743325,0.530676939385012,0.178107686871663,1.60518455558829,0.608353878770024,0.316682997013442,0.50918455558829,"positive"
118,0.641971816848964,0.493485908424482,0.183257045787759,1.39742339587794,0.515328353022458,0.289083599723643,0.453142614469398,"positive"
119,0.632373007806018,0.488686503903009,0.185656748048495,1.38410504833085,0.520727683109115,0.270725877429009,0.459141870121239,"positive"
120,0.630097580580041,0.48754879029002,0.18622560485499,1.38094789305481,0.522007610923727,0.266374122859328,0.460564012137474,"positive"
121,0.625914835371077,0.485457417685539,0.187271291157231,1.37514433407737,0.524360405103769,0.258374622647185,0.463178227893077,"positive"
122,0.642212332347408,0.493606166173704,0.183196916913148,1.39775711113203,0.515193063054583,0.289543585614418,0.45299229228287,"positive"
123,0.631285163247958,0.488142581623979,0.185928709188011,1.38259566400654,0.521339595673024,0.268645374711719,0.459821772970026,"positive"
124,0.649021645095199,0.4970108225476,0.1814945887262,1.40720503256959,0.51136282463395,0.302566396244569,0.4487364718155,"positive"
125,0.637518219519407,0.491259109759703,0.184370445120148,1.39124402958318,0.517833501520334,0.280566094830865,0.455926112800371,"positive"
126,0.634710458768532,0.489855229384266,0.185072385307867,1.38734826154134,0.519412866942701,0.275196252394817,0.457680963269668,"positive"
127,0.624754046509042,0.484877023254521,0.187561488372739,1.3735337395313,0.525013348838664,0.256154613948544,0.463903720931849,"positive"
128,0.630263457149267,0.487631728574634,0.186184135712683,1.38117804679461,0.521914305353537,0.266691361797973,0.460460339281708,"positive"
129,0.642213793089613,0.493606896544807,0.183196551727597,1.39775913791184,0.515192241387093,0.289546379283885,0.452991379318992,"positive"
130,0.62860699294135,0.486803496470675,0.186598251764663,1.37887970270612,0.522846066470491,0.263523374000331,0.461495629411656,"positive"
131,0.615768784582615,0.480384392291307,0.189807803854346,1.36106668860838,0.530067558672279,0.238970300514251,0.469519509635866,"positive"
132,0.624790576668456,0.484895288334228,0.187552355832886,1.37358442512748,0.524992800623993,0.256224477878422,0.463880889582215,"positive"
133,0.636870448468253,0.490935224234126,0.184532387882937,1.3903452472497,0.518197872736608,0.279327232695534,0.456330969707342,"positive"
134,0.642941130539402,0.493970565269701,0.183014717365149,1.39876831862342,0.514783114071586,0.290937412156607,0.452536793412874,"positive"
135,0.663640915686265,0.521602289215662,0.167038626470603,1.34853290343145,0.545587983235251,0.351587983235251,0.362911300980486,"positive"
136,0.657368483943865,0.505921209859662,0.176447274084203,1.39714424943505,0.518302905155811,0.324302905155811,0.422499402533285,"positive"
137,0.664706416989211,0.524266042473028,0.165440374516184,1.34027526833361,0.550222913903068,0.356222913903068,0.352789038602496,"positive"
138,0.661372587285005,0.515931468212511,0.170441119072493,1.36611244854121,0.53572075468977,0.34172075468977,0.384460420792457,"positive"
139,0.655205352336634,0.500513380841585,0.179691971495049,1.41390851939109,0.508893282664358,0.314893282664358,0.443049152801977,"positive"
140,0.661083045322448,0.51520761330612,0.170875432016328,1.36835639875103,0.534461247152649,0.340461247152649,0.387211069436744,"positive"
141,0.659832942872308,0.51208235718077,0.172750585691538,1.37804469273961,0.529023301494541,0.335023301494541,0.399087042713072,"positive"
142,0.659452631250024,0.51113157812506,0.173321053124964,1.38099210781232,0.527368945937604,0.333368945937604,0.402700003124773,"positive"
143,0.662668528866489,0.519171322166221,0.168497206700267,1.35606890128471,0.541358100569225,0.347358100569225,0.372148975768359,"positive"
144,0.655292982130777,0.500732455326943,0.179560526803834,1.41322938848648,0.50927447226888,0.31527447226888,0.442216669757618,"positive"
145,0.661985303098336,0.51746325774584,0.169522045352496,1.3613639009879,0.538386068477761,0.344386068477761,0.378639620565809,"positive"
146,0.663716039631981,0.521790099079954,0.166925940552028,1.34795069285214,0.545914772399119,0.351914772399119,0.362197623496177,"positive"
147,0.664845156576484,0.524612891441211,0.165232265135273,1.33920003653225,0.550826431107707,0.356826431107707,0.351471012523398,"positive"
148,0.664572169696912,0.52393042424228,0.165641745454632,1.34131568484893,0.549638938181568,0.355638938181568,0.354064387879334,"positive"
149,0.659469788398128,0.51117447099532,0.173295317402808,1.38085913991451,0.527443579531857,0.333443579531857,0.402537010217784,"positive"
150,0.658444185326807,0.508610463317018,0.174833722009789,1.38880756371724,0.522982206171611,0.328982206171611,0.412280239395332,"positive"
151,0.656966383648105,0.504915959120262,0.177050424527843,1.40026052672719,0.516553768869257,0.322553768869257,0.426319355343003,"positive"
152,0.648720181686804,0.526919727469794,0.179360090843402,1.61896099927742,0.600839454939589,0.335093335398007,0.52296099927742,"positive"
153,0.650509307963075,0.511975178765133,0.178503102654358,1.46205350744945,0.543626156826271,0.301126682827482,0.45398138407385,"positive"
154,0.643486025230959,0.534770962153561,0.17674301261548,1.59017313877027,0.616541924307123,0.296622285447549,0.494173138770275,"positive"
155,0.637987744072452,0.517492340045283,0.198018383891322,1.63080490237102,0.577480084117735,0.341496936018113,0.578049023710191,"positive"
156,0.639916275702417,0.518697672314011,0.195125586446375,1.63003348971903,0.580613948016427,0.341979068925604,0.570334897190332,"positive"
157,0.64008353642188,0.53977723620832,0.17502784547396,1.57013400575984,0.626337277719751,0.271239471076056,0.47483292715624,"positive"
158,0.640118741744664,0.539821887383005,0.175059370872332,1.57165307959565,0.626643774766009,0.271872751823277,0.47565307959565,"positive"
159,0.645072306346847,0.526473849741742,0.176690768782282,1.51841709087102,0.586759702981682,0.285540611527627,0.464855387306306,"positive"
160,0.64744134194334,0.520156421484426,0.177480447314447,1.4938580885207,0.567965353916166,0.292331846904242,0.460117316113319,"positive"
161,0.648145192927914,0.518279485525563,0.177715064309305,1.48656149998063,0.562381469438551,0.294349553060019,0.458709614144172,"positive"
162,0.64562862935476,0.53155705596786,0.17781431467738,1.60195746145118,0.61011411193572,0.312370425757486,0.50595746145118,"positive"
163,0.644202714748681,0.533695927876979,0.17710135737434,1.59411493111774,0.614391855753958,0.301889953402802,0.498114931117743,"positive"
164,0.653023444012506,0.505270815966651,0.179341148004169,1.43599029707036,0.523680677500786,0.30833387283585,0.448953111974988,"positive"
165,0.640496710636653,0.539254934045021,0.175248355318326,1.57373190850159,0.625509868090041,0.2746508231794,0.477731908501592,"positive"
166,0.645215745922178,0.526091344207525,0.176738581974059,1.51693010060675,0.585621749017388,0.28595180497691,0.464568508155644,"positive"
167,0.64850902084494,0.517309277746826,0.177836340281647,1.48278981724079,0.559495101296809,0.295392526422162,0.45798195831012,"positive"
168,0.640471601884346,0.53929259717348,0.175235800942173,1.57359381036391,0.625585194346961,0.274466273849946,0.477593810363905,"positive"
169,0.6528073904349,0.499707652057987,0.18043852191302,1.41260575537407,0.50865778286953,0.31224591234792,0.443976782202954,"positive"
170,0.582457275561756,0.490327636741567,0.194508544887649,1.31974360374152,0.529762817331473,0.255965820449404,0.411146728595486,"positive"
171,0.653554857249837,0.499807314299978,0.180289028550033,1.41359241156979,0.508433542825049,0.31284388579987,0.444325600049924,"positive"
172,0.61921808283776,0.495229077711701,0.187156383432448,1.36826786934584,0.518734575148672,0.285374466270208,0.428301771990955,"positive"
173,0.593083031133283,0.491744404151104,0.192383393773343,1.33376960109593,0.526575090660015,0.264466424906626,0.416105414528865,"positive"
174,0.6523058056843,0.49964077409124,0.18053883886314,1.41194366350328,0.50880825829471,0.31184464454744,0.44374270931934,"positive"
175,0.620270454791607,0.495369393972214,0.186945909041679,1.36965700032492,0.518418863562518,0.286216363833286,0.42879287890275,"positive"
176,0.650014461874962,0.499335261583328,0.180997107625008,1.40891908967495,0.509495661437511,0.310011569499969,0.442673415541649,"positive"
177,0.643863484811736,0.498515131308231,0.182227303037653,1.40079979995149,0.511340954556479,0.305090787849389,0.43980295957881,"positive"
178,0.631064359565498,0.4968085812754,0.1847871280869,1.38390495462646,0.515180692130351,0.294851487652399,0.433830034463899,"positive"
179,0.649140607275767,0.499218747636769,0.181171878544847,1.40776560160401,0.50975781781727,0.309312485820614,0.442265616728691,"positive"
180,0.634305292625213,0.497240705683362,0.184138941474957,1.38818298626528,0.514208412212436,0.29744423410017,0.435342469891766,"positive"
181,0.582682219230337,0.490357629230712,0.194463556153933,1.32004052938404,0.529695334230899,0.25614577538427,0.411251702307491,"positive"
182,0.616652917548781,0.494887055673171,0.187669416490244,1.36488185116439,0.519504124735366,0.283322334039025,0.427104694856098,"positive"
183,0.614541177999927,0.49460549039999,0.188091764400015,1.3620943549599,0.520137646600022,0.281632942399941,0.426119216399966,"positive"
184,0.612186877471395,0.494291583662853,0.188562624505721,1.35898667826224,0.520843936758582,0.279749501977116,0.425020542819984,"positive"
185,0.643426116597839,0.498456815546378,0.182314776680432,1.40022247390915,0.511472165020648,0.304740893278271,0.439598854412325,"positive"
186,0.654629281584639,0.499443922376959,0.179073203961598,1.4182247803529,0.511095498768264,0.313925856316928,0.442590330300154,"positive"
187,0.654949794353452,0.499924691530177,0.179874485883629,1.41586901150213,0.508419217148679,0.31398995887069,0.444673663297435,"positive"
188,0.646589816645719,0.487384724968579,0.158974541614298,1.47731484765396,0.578225031008245,0.312317963329144,0.390333808197174,"positive"
189,0.646894405323546,0.48784160798532,0.159736013308866,1.47507612087193,0.575681715548388,0.312378881064709,0.392313634603051,"positive"
190,0.649588515690994,0.49188277353649,0.166471289227484,1.4552744096712,0.553185893980204,0.312917703138199,0.409825351991458,"positive"
191,0.646040533708874,0.486560800563311,0.157601334272185,1.48135207723978,0.582811543530901,0.312208106741775,0.386763469107682,"positive"
192,0.651038723567035,0.494058085350553,0.170096808917588,1.44461538178229,0.541076658215257,0.313207744713407,0.419251703185728,"positive"
193,0.645515265667345,0.485772898501018,0.156288164168363,1.48521279734501,0.587197531677666,0.312103053133469,0.383349226837745,"positive"
194,0.647071362657007,0.48810704398551,0.160178406642517,1.473775484471,0.574204121813993,0.312414272531401,0.393463857270544,"positive"
195,0.648550304120872,0.490325456181308,0.16387576030218,1.46290526471159,0.561854960590717,0.312710060824174,0.403076976785669,"positive"
196,0.652140669163782,0.495711003745673,0.172851672909455,1.4365160816462,0.531875412482419,0.313428133832756,0.426414349564584,"positive"
197,0.651637096535414,0.494955644803122,0.171592741338536,1.4402173404647,0.536080243929289,0.313327419307083,0.423141127480194,"positive"
198,0.652803271298762,0.496704906948144,0.174508178246906,1.4316459559541,0.526342684655334,0.313560654259752,0.430721263441956,"positive"
199,0.652361087780446,0.496041631670669,0.173402719451115,1.43489600481372,0.530034917033277,0.313472217556089,0.427847070572898,"positive"
200,0.653530632737093,0.497795949105639,0.176326581842732,1.42629984938237,0.520269216645276,0.313706126547419,0.435449112791102,"positive"
201,0.649553977779578,0.491830966669368,0.166384944448946,1.4555282633201,0.55347428554052,0.312910795555916,0.40960085556726,"positive"
202,0.652439531341661,0.496159297012491,0.173598828354152,1.43431944463879,0.529379913297133,0.313487906268332,0.428356953720795,"positive"
203,0.67177812205744,0.51118541470496,0.18372847156832,1.3793338257873,0.52291388627328,0.283799380296608,0.4356788210792,"positive"
204,0.692303413437912,0.524868942291941,0.188289647430647,1.33509041992272,0.541158589722589,0.246853855811758,0.424275881423382,"positive"
205,0.69647975438158,0.52765316958772,0.189217723195907,1.3260880849997,0.544870892783627,0.239336442113156,0.421955692010233,"positive"
206,0.683157160084229,0.518771440056153,0.186257146685384,1.35480567715177,0.533028586741537,0.263317111848388,0.429357133286539,"positive"
207,0.68090093943174,0.517267292954493,0.185755764318164,1.3596690861138,0.531023057272658,0.267378309022868,0.430610589204589,"positive"
208,0.662401812723838,0.504934541815892,0.181644847271964,1.39954498146195,0.514579389087856,0.300676737097092,0.44088788182009,"positive"
209,0.6733483698708,0.512232246580534,0.184077415526845,1.37594906938961,0.524309662107378,0.280972934232559,0.434806461182889,"positive"
210,0.676064536385238,0.514043024256825,0.184681008085608,1.3700942215696,0.526724032342434,0.276083834506571,0.433297479785979,"positive"
211,0.658712805248797,0.502475203499198,0.180825067833066,1.40749684201926,0.511300271332264,0.307316950552166,0.442937330417335,"positive"
212,0.674638237019535,0.513092158013023,0.184364052671008,1.37316868909122,0.525456210684031,0.278651173364837,0.43408986832248,"positive"
213,0.686595267032972,0.521063511355314,0.187021170451771,1.34739464661782,0.536084681807086,0.257128519340651,0.427447073870571,"positive"
214,0.657750101403799,0.501833400935866,0.180611133645289,1.4095720036407,0.510444534581155,0.309049817473162,0.443472165886778,"positive"
215,0.673093388656853,0.512062259104568,0.184020753034856,1.3764986955619,0.524083012139425,0.281431900417665,0.43494811741286,"positive"
216,0.683024762307759,0.51868317487184,0.18622772495728,1.35509106791439,0.532910899829119,0.263555427846033,0.4294306876068,"positive"
217,0.663181110416772,0.505454073611181,0.18181802453706,1.39786516199051,0.515272098148242,0.299274001249811,0.440454938657349,"positive"
218,0.699942440423183,0.529961626948789,0.18998720898293,1.31862407286558,0.547948835931718,0.23310360723827,0.420031977542676,"positive"
219,0.682132958561415,0.518088639040943,0.186029546346981,1.35701340043428,0.532118185387924,0.265160674589453,0.429926134132547,"positive"
220,0.539331169938669,0.435748377454001,0.130748377454001,0.850019154570531,0.312058037998504,0.169909252776066,0.279251622545999,"positive"
221,0.527203218843788,0.426652414132841,0.121652414132841,0.863966298329644,0.287044138865313,0.17506363199139,0.288347585867159,"positive"
222,0.529838143279776,0.428628607459832,0.123628607459832,0.860936135228258,0.292478670514538,0.173943789106095,0.286371392540168,"positive"
223,0.53760487344116,0.43445365508087,0.12945365508087,0.852004395542666,0.308497551472392,0.170642928787507,0.28054634491913,"positive"
224,0.562664805660024,0.453248604245018,0.148248604245018,0.823185473490972,0.3601836616738,0.15999245759449,0.261751395754982,"positive"
225,0.542329553393647,0.437997165045235,0.132997165045235,0.846571013597306,0.318242203874397,0.1686349398077,0.277002834954765,"positive"
226,0.559578364808112,0.450933773606084,0.145933773606084,0.826734880470671,0.353817877416732,0.161304194956552,0.264066226393916,"positive"
227,0.559018354332074,0.450513765749056,0.145513765749056,0.827378892518114,0.352662855809904,0.161542199408868,0.264486234250944,"positive"
228,0.554480992546305,0.447110744409729,0.142110744409729,0.832596858571749,0.343304547126754,0.16347057816782,0.267889255590271,"positive"
229,0.540930532328784,0.436947899246588,0.131947899246588,0.848179887821898,0.315356722928118,0.169229523760267,0.278052100753412,"positive"
230,0.546042523570359,0.440781892677769,0.135781892677769,0.842301097894087,0.325900204863865,0.167056927482598,0.274218107322231,"positive"
231,0.551219126656652,0.444664344992489,0.139664344992489,0.836348004344851,0.336576948729344,0.164856871170923,0.270335655007511,"positive"
232,0.537219142038375,0.434164356528781,0.129164356528781,0.852447986655869,0.307701980454149,0.170806864633691,0.280835643471219,"positive"
233,0.548937229225412,0.442952921919059,0.137952921919059,0.838972186390776,0.331870535277412,0.1658266775792,0.272047078080941,"positive"
234,0.560734730139375,0.451801047604531,0.146801047604531,0.825405060339719,0.35620288091246,0.160812739690766,0.263198952395469,"positive"
235,0.532009386727586,0.43025704004569,0.12525704004569,0.858439205263276,0.296956860125647,0.173021010640776,0.28474295995431,"positive"
236,0.528984950445592,0.427988712834194,0.122988712834194,0.861917306987569,0.290718960294034,0.174306396060623,0.287011287165806,"positive"
237,0.520849019655725,0.43330196068855,0.182264705164125,0.954915881333058,0.29578313710168,0.207132352582063,0.343962744475575,"positive"
238,0.522753333993023,0.429493332013953,0.153699990104651,0.914353985948605,0.289689331222326,0.192849995052326,0.319206658090698,"positive"
239,0.523724003280513,0.427551993438974,0.139139950792305,0.893678730125073,0.286583189502358,0.185569975396153,0.306587957353331,"positive"
240,0.522759655966656,0.429480688066687,0.153605160500156,0.914219327910221,0.2896691009067,0.192802580250078,0.319124472433468,"positive"
241,0.522038567767013,0.430922864465974,0.164421483494807,0.929578506562626,0.291976583145559,0.198210741747403,0.328498619028833,"positive"
242,0.520010167593136,0.434979664813727,0.194847486102954,0.972783430266194,0.298467463701963,0.213423743051477,0.354867821289226,"positive"
243,0.520558012145339,0.433883975709323,0.186629817819921,0.961114341304288,0.296714361134917,0.209314908909961,0.347745842110598,"positive"
244,0.52283328920952,0.429333421580959,0.152500661857193,0.912650939837215,0.289433474529535,0.192250330928597,0.318167240276234,"positive"
245,0.522538020367501,0.429923959264997,0.15692969448748,0.918940166172222,0.290378334823996,0.19446484724374,0.322005735222483,"positive"
246,0.520716264889343,0.433567470221315,0.184256026659859,0.957743557857,0.296207952354103,0.20812801332993,0.345688556438545,"positive"
247,0.523480989693198,0.428038020613603,0.142785154602025,0.898854919534875,0.287360832981765,0.187392577301012,0.309747133988421,"positive"
248,0.520728569634957,0.433542860730086,0.184071455475641,0.957481466775411,0.296168577168137,0.208035727737821,0.345528594745556,"positive"
249,0.523555626798188,0.427888746403623,0.141665598027175,0.897265149198589,0.287121994245797,0.186832799013588,0.308776851623552,"positive"
250,0.522570875874953,0.429858248250093,0.1564368618757,0.918240343863494,0.290273197200149,0.19421843093785,0.321578613625607,"positive"
251,0.524984635806177,0.425030728387646,0.120230462907348,0.866827257328434,0.282549165420234,0.176115231453674,0.290199734519701,"positive"
252,0.522421217651572,0.430157564696856,0.158681735226419,0.921428064021515,0.290752103514969,0.195340867613209,0.323524170529563,"positive"
253,0.521423947397852,0.432152105204295,0.173640789032215,0.942669920425746,0.293943368326873,0.202820394516108,0.33648868382792,"positive"
254,0.539997502109036,0.445621565399924,0.140621565399924,0.900431848521694,0.322243380588945,0.19062256455631,0.284375936709112,"positive"
255,0.528345829471946,0.429600515523925,0.124600515523925,0.874069939180277,0.291366448100656,0.179262183735147,0.28874531394802,"positive"
256,0.531104426151142,0.43339358595782,0.12839358595782,0.880311264166958,0.298676729300525,0.181951815497363,0.287710840193322,"positive"
257,0.564512489959598,0.479329673694447,0.174329673694447,0.955897008533589,0.387208098392934,0.214524677710608,0.275182816265151,"positive"
258,0.550189589317888,0.459635685312096,0.154635685312096,0.923491445831722,0.349252411692403,0.200559849584941,0.280553904005792,"positive"
259,0.557678617583588,0.469933099177433,0.164933099177433,0.940435372282867,0.369098336596508,0.207861652143998,0.277745518406155,"positive"
260,0.549024479286745,0.458033659019275,0.153033659019275,0.920855384386261,0.346164870109875,0.199423867304577,0.280990820267471,"positive"
261,0.548950651045889,0.457932145188097,0.152932145188097,0.920688347991323,0.345969225271605,0.199351884769741,0.281018505857792,"positive"
262,0.549502520235255,0.458690965323476,0.153690965323476,0.921936952032265,0.347431678623427,0.199889957229374,0.280811554911779,"positive"
263,0.549332092143595,0.458456626697443,0.153456626697443,0.921551358474884,0.346980044180527,0.199723789840005,0.280875465446152,"positive"
264,0.547026433721185,0.455286346366629,0.150286346366629,0.91633480629418,0.34087004936114,0.197475772878155,0.281740087354556,"positive"
265,0.552962695779279,0.463448706696508,0.158448706696508,0.929765599200618,0.356601143815089,0.203263628384797,0.27951398908277,"positive"
266,0.532324439538643,0.435071104365634,0.130071104365634,0.883071544456179,0.301909764777403,0.183141328550177,0.287253335173009,"positive"
267,0.529211275149137,0.430790503330063,0.125790503330063,0.876028010024922,0.293659879145212,0.180105993270408,0.288420771819074,"positive"
268,0.557767555778846,0.470055389195913,0.165055389195913,0.940636594949639,0.369334022813942,0.207948366884375,0.277712166582933,"positive"
269,0.550450693992898,0.459994704240235,0.154994704240235,0.924082195158931,0.349944339081179,0.200814426643075,0.280455989752663,"positive"
270,0.55303107840009,0.463542732800124,0.158542732800124,0.929920314880204,0.356782357760239,0.203330301440088,0.279488345599966,"positive"
271,0.536439550798386,0.41642033690121,0.134299438497983,0.870217854009476,0.294511528338306,0.187439550798386,0.301439550798386,"positive"
272,0.530275296657346,0.42104352750699,0.126594120821683,0.868214471413638,0.288039061490213,0.181275296657346,0.295275296657346,"positive"
273,0.536750949178822,0.416186788115883,0.134688686473528,0.870319058483117,0.294838496637763,0.187750949178822,0.301750949178822,"positive"
274,0.544168998324312,0.410623251256766,0.14396124790539,0.872729924455402,0.302627448240528,0.195168998324312,0.309168998324312,"positive"
275,0.535012315539643,0.417490763345268,0.132515394424554,0.869754002550384,0.293012931316625,0.186012315539643,0.300012315539643,"positive"
276,0.527159332619049,0.423380500535714,0.122699165773811,0.867201783101191,0.284767299250001,0.178159332619049,0.292159332619049,"positive"
277,0.532427375204861,0.419429468596354,0.129284219006076,0.86891389694158,0.290298743965104,0.183427375204861,0.297427375204861,"positive"
278,0.53582466152031,0.416881503859768,0.133530826900387,0.870018014994101,0.293865894596325,0.18682466152031,0.30082466152031,"positive"
279,0.540848310752772,0.413113766935421,0.139810388440965,0.871650700994651,0.29914072629041,0.191848310752772,0.305848310752772,"positive"
280,0.529555118316784,0.421583661262412,0.125693897895981,0.867980413452955,0.287282874232624,0.180555118316785,0.294555118316784,"positive"
281,0.530251272167079,0.421061545874691,0.126564090208849,0.868206663454301,0.288013835775433,0.181251272167079,0.295251272167079,"positive"
282,0.531941443928517,0.419793917053612,0.128676804910647,0.868755969276768,0.289788516124943,0.182941443928517,0.296941443928517,"positive"
283,0.531157497498207,0.420381876876345,0.127696871872758,0.868501186686917,0.288965372373117,0.182157497498207,0.296157497498207,"positive"
284,0.535713525651954,0.416964855761034,0.133391907064943,0.869981895836885,0.293749201934552,0.186713525651954,0.300713525651954,"positive"
285,0.540095071448013,0.41367869641399,0.138868839310016,0.871405898220604,0.298349825020414,0.191095071448013,0.305095071448013,"positive"
286,0.544977639163844,0.410016770627117,0.144972048954805,0.872992732728249,0.303476521122036,0.195977639163844,0.309977639163844,"positive"
287,0.528193443170749,0.422604917621939,0.123991803963436,0.867537869030493,0.285853115329286,0.179193443170749,0.293193443170749,"positive"
288,0.481029763484839,0.391910709545482,0.147940473030321,0.679749402075773,0.215117858090904,0.138337496681837,0.238275578015251,"positive"
289,0.48018210715265,0.39445367854205,0.1496357856947,0.681190417840495,0.21460926429159,0.140117574979435,0.247515032036114,"positive"
290,0.480700344056822,0.392898967829533,0.148599311886355,0.680309415103402,0.214920206434093,0.139029277480673,0.241866249780636,"positive"
291,0.480547816517064,0.395365211011376,0.149634788988624,0.683752134570153,0.215327811625786,0.140932166363462,0.249993034865358,"positive"
292,0.484352401017677,0.397901600678451,0.147098399321549,0.699393204183783,0.221076961537823,0.143933560802834,0.253417160915909,"positive"
293,0.48897980273352,0.40098653515568,0.14401346484432,0.71841696679336,0.228069479686208,0.147584066600888,0.257581822460168,"positive"
294,0.513776849174174,0.417517899449449,0.127482100550551,0.820360379938269,0.265540572085418,0.167146181015181,0.279899164256756,"positive"
295,0.481789149231045,0.389632552306866,0.146421701537911,0.678458446307224,0.215573489538627,0.136742786614806,0.229998273381614,"positive"
296,0.482042795369634,0.388871613891097,0.145914409260731,0.678027247871621,0.215725677221781,0.136210129723768,0.227233530470985,"positive"
297,0.48313058028114,0.385608259156579,0.143738839437719,0.676178013522062,0.216378348168684,0.133925781409605,0.215376674935571,"positive"
298,0.506382769175107,0.412588512783404,0.132411487216596,0.789962495497661,0.254367295642383,0.161313073460362,0.273244492257596,"positive"
299,0.494147571864305,0.404431714576203,0.140568285423797,0.739662239886588,0.235878553039394,0.151660862248507,0.262232814677875,"positive"
300,0.483308369753649,0.385074890739052,0.143383260492701,0.675875771418796,0.21648502185219,0.133552423517336,0.213438769685221,"positive"
301,0.510027916749241,0.415018611166161,0.129981388833839,0.804948102191323,0.259875518643297,0.164188689879957,0.276525125074317,"positive"
302,0.483453683307162,0.384638950078515,0.143092633385677,0.675628738377825,0.216572209984297,0.133247265054961,0.211854851951939,"positive"
303,0.484975749925943,0.380072750222171,0.140048500148114,0.673041225125897,0.217485449955566,0.13005092515552,0.19526432580722,"positive"
304,0.483939564591274,0.383181306226179,0.142120870817453,0.674802740194835,0.216863738754764,0.132226914358325,0.206558745955117,"positive"
305,0.433896014038473,0.322784012283664,0.126112001754809,0.3839696496611,0.131514428427909,0.0668416163197253,0.135560008774046,"positive"
306,0.435749539732933,0.324405847266316,0.126343692466617,0.390526496805251,0.135267817959189,0.0689963399395347,0.136718462333083,"positive"
307,0.429186661811545,0.318663329085102,0.125523332726443,0.367310316158342,0.12197799016838,0.0613669943559216,0.132616663632216,"positive"
308,0.470162841147976,0.365488523443928,0.136883788197301,0.5585355143497,0.201383788197301,0.11590710286994,0.187525899232249,"positive"
309,0.435009116120636,0.323757976605557,0.12625113951508,0.387907248276751,0.133768460144289,0.0681355974902399,0.136255697575398,"positive"
310,0.475782329582144,0.382346988746431,0.144376439442858,0.628779119776795,0.208876439442858,0.129955823955359,0.222928676367505,"positive"
311,0.520190665104892,0.421793776736595,0.123206223263405,0.846728289875668,0.275232560602948,0.172205969138304,0.285671598594403,"positive"
312,0.444453645693138,0.332021939981496,0.127431705711642,0.421317271639477,0.152893632528605,0.0791148631182732,0.142158528558211,"positive"
313,0.485761192023056,0.398840794682037,0.146159205317963,0.705184900539229,0.223205801279284,0.145044940373744,0.25468507282075,"positive"
314,0.428402373669669,0.31797707696096,0.125425296708709,0.364535896856454,0.12038980668108,0.0604552593909903,0.132126483543543,"positive"
315,0.454134338721633,0.340492546381429,0.128641792340204,0.455562723227777,0.172497035911307,0.0903686687638983,0.148208961701021,"positive"
316,0.457815729193389,0.343713763044216,0.129101966149174,0.468585642021615,0.179951851616614,0.0946482851873152,0.150509830745868,"positive"
317,0.472154548976105,0.371463646928314,0.139539398634806,0.583431862201309,0.204039398634806,0.120886372440262,0.20007365854946,"positive"
318,0.472374707618728,0.372124122856185,0.139832943491638,0.586183845234103,0.204332943491638,0.121436769046821,0.201460657997988,"positive"
319,0.468194158533588,0.359582475600764,0.134258878044784,0.533926981669851,0.198758878044784,0.11098539633397,0.175123198761605,"positive"
320,0.488910367131466,0.400940244754311,0.144059755245689,0.718131509318249,0.227964554776438,0.147529289625934,0.257519330418319,"positive"
321,0.496793992656749,0.406195995104499,0.138804004895501,0.750541969811078,0.239877588903531,0.153748594206991,0.264614593391074,"positive"
322,0.571088619149523,0.450139246808831,0.149329121276969,0.841360753191169,0.3097341840429,0.144575941488962,0.315139246808831,"positive"
323,0.532702754561324,0.429201502487995,0.124901752902661,0.862298497512005,0.287051627695328,0.170748121890007,0.294201502487995,"positive"
324,0.57529875578708,0.452435684974771,0.152008299137233,0.839064315025229,0.312221992056002,0.141705393781536,0.317435684974771,"positive"
325,0.564117115120171,0.446336608247366,0.144892709621927,0.845163391752634,0.305614658934646,0.149329239690793,0.311336608247366,"positive"
326,0.574900143011473,0.45221825982444,0.151754636461847,0.83928174017556,0.311986448143143,0.14197717521945,0.31721825982444,"positive"
327,0.543821506366367,0.435266276199836,0.131977322233142,0.856233723800164,0.293621799216489,0.163167154750205,0.300266276199836,"positive"
328,0.530892541810172,0.428214113714639,0.123749799333746,0.863285886285361,0.285981956524192,0.171982357856701,0.293214113714639,"positive"
329,0.540134369300213,0.433255110527389,0.129630962281954,0.858244889472611,0.291443036404671,0.165681111840764,0.298255110527389,"positive"
330,0.529029929474928,0.42719814334996,0.122564500574954,0.86430185665004,0.284881321962457,0.173252320812549,0.29219814334996,"positive"
331,0.533093886908609,0.429414847404696,0.125150655305479,0.862085152595304,0.287282751355087,0.17048144074413,0.294414847404696,"positive"
332,0.572403181828558,0.450856280997396,0.150165661163628,0.840643719002604,0.310510971080512,0.143679648753256,0.315856280997396,"positive"
333,0.532014508056454,0.428826095303521,0.124463777854107,0.86267390469648,0.286644936578814,0.171217380870599,0.293826095303521,"positive"
334,0.553479444282129,0.440534242335707,0.138123282724991,0.850965757664293,0.299328762530349,0.156582197080366,0.305534242335707,"positive"
335,0.575348039261298,0.452462566869799,0.152039661348099,0.839037433130201,0.312251114108949,0.141671791412751,0.317462566869799,"positive"
336,0.55601140303188,0.441915310744662,0.139734529202105,0.849584689255338,0.300824919973384,0.154855861569173,0.306915310744662,"positive"
337,0.569767215327593,0.449418481087778,0.148488227935741,0.842081518912222,0.308953354511759,0.145476898640278,0.314418481087778,"positive"
338,0.555806444246555,0.441803515043575,0.139604100884171,0.849696484956425,0.300703807963873,0.154995606195531,0.306803515043575,"positive"
339,0.55005186105147,0.416735814735293,0.149209884209558,0.902384991782717,0.315961257260293,0.19170591810625,0.322629652628675,"positive"
340,0.561646716101095,0.432195621468127,0.158872263417579,0.969828398654703,0.344561899716035,0.181850291314069,0.351616790252738,"positive"
341,0.55997746641282,0.429969955217093,0.157481222010683,0.960118929634569,0.340444417151622,0.183269153549103,0.34744366603205,"positive"
342,0.574303938834928,0.449071918446571,0.169419949029107,1.04345124422316,0.375783049126156,0.171091651990311,0.38325984708732,"positive"
343,0.55796810974367,0.42729081299156,0.155806758119725,0.948431171675678,0.335488004034385,0.184977106717881,0.342420274359174,"positive"
344,0.529958453555591,0.421281159833306,0.126198066944489,0.868111497405567,0.287706376233371,0.180958453555591,0.294958453555591,"positive"
345,0.570731074593496,0.444308099457994,0.166442562161246,1.0226690838855,0.366969983997289,0.174128586595529,0.374327686483739,"positive"
346,0.541842132606544,0.412368400545092,0.141052665758179,0.871973693097127,0.300184239236871,0.192842132606544,0.306842132606544,"positive"
347,0.531782597349957,0.419913051987533,0.128478246687446,0.868704344138736,0.289621727217454,0.182782597349957,0.296782597349957,"positive"
348,0.570633710643742,0.444178280858323,0.166361425536452,1.02210275024443,0.366729819587898,0.174211345952819,0.374084276609356,"positive"
349,0.536344665260986,0.416491501054261,0.134180831576232,0.87018701620982,0.294411898524035,0.187344665260986,0.301344665260985,"positive"
350,0.537611541231163,0.415541344076628,0.135764426538954,0.870598750900128,0.295742118292721,0.188611541231163,0.302611541231163,"positive"
351,0.530186467557214,0.421110149332089,0.126483084446518,0.868185601956095,0.287945790935075,0.181186467557214,0.295186467557214,"positive"
352,0.550855989200063,0.417807985600084,0.149879991000053,0.907062337180367,0.317944773360156,0.191022409179946,0.324639973000158,"positive"
353,0.569871203429066,0.443161604572088,0.165726002857555,1.01766749994573,0.364848968458362,0.174859477085294,0.372178008572664,"positive"
354,0.555176591631025,0.423568788841367,0.153480493025854,0.932193841320463,0.328602259356529,0.187349897113629,0.335441479077563,"positive"
355,0.556348944196943,0.425131925595924,0.154457453497453,0.93901302541222,0.33149406235246,0.186353397432598,0.338372360492358,"positive"
356,0.483602701557102,0.384191895328695,0.142794596885797,0.675375407352927,0.216661620934261,0.132934326730086,0.210230553027592,"positive"
357,0.493577090809122,0.371422909190878,0.127134363786317,0.50531787468167,0.189624454870354,0.0789663096857257,0.172699563896284,"positive"
358,0.484331319609191,0.382006041172426,0.141337360781617,0.674136756664375,0.217098791765515,0.131404228820698,0.202288616259815,"positive"
359,0.524933043586789,0.424955362391192,0.120044637608808,0.866224734745687,0.282398821420036,0.175947178829578,0.28993973922811,"positive"
360,0.481323017763207,0.39103094671038,0.147353964473587,0.679250869802549,0.215293810657924,0.137721662697266,0.235079106381047,"positive"
361,0.507946827634005,0.41363121842267,0.13136878157733,0.796392513606464,0.256730761758052,0.162546941800159,0.274652144870604,"positive"
362,0.485041208579205,0.379958791420795,0.139938187131193,0.672194372276543,0.217366072117584,0.12975480895373,0.194892857694067,"positive"
363,0.50711096857558,0.413073979050387,0.131926020949613,0.792956204144051,0.255467685847543,0.161887541876291,0.273899871718022,"positive"
364,0.505317162266001,0.411878108177334,0.133121891822666,0.78558166709356,0.252757045201957,0.160472428009845,0.272285446039401,"positive"
365,0.484796852010768,0.380609443967696,0.140406295978464,0.673345351581695,0.217378111206461,0.130426610777387,0.19721431308263,"positive"
366,0.520087299181614,0.421724866121076,0.123275133878924,0.846303341079969,0.275076363207772,0.17212442490994,0.285578569263453,"positive"
367,0.480254658880876,0.394236023357371,0.149490682238247,0.68106707990251,0.214652795328526,0.13996521635016,0.246724218198447,"positive"
368,0.493965782064479,0.371034217935521,0.126551326903282,0.497718960639439,0.188361208290444,0.0766535967163509,0.171688966632355,"positive"
369,0.492928773870226,0.372071226129774,0.128106839194661,0.517992470837082,0.191731484921766,0.0828237954721553,0.174385187937412,"positive"
370,0.508335272886325,0.413890181924216,0.131109818075784,0.797989455199335,0.257317745694891,0.162853381943656,0.275001745597692,"positive"
371,0.518242758773267,0.420495172515511,0.124504827484488,0.838720230512321,0.272289057701826,0.170669287476689,0.283918482895941,"positive"
372,0.496713230683235,0.406142153788824,0.138857846211176,0.750209948364412,0.239755548588,0.153684881983441,0.264541907614912,"positive"
373,0.529193985695019,0.420806014304981,0.131533460661303,0.890300868819235,0.277467217165977,0.18250067782728,0.308872935627587,"positive"
374,0.541776738041081,0.40822326195892,0.166136029612971,0.961707988383132,0.262367914350703,0.202003943963675,0.365495321184862,"positive"
375,0.528047348721884,0.421952651278116,0.128380208985182,0.883793703996693,0.278843181533739,0.18072339051892,0.303713069248479,"positive"
376,0.537984138149768,0.412015861850232,0.155706379911862,0.940184983999934,0.266919034220278,0.196125414132141,0.348428621673956,"positive"
377,0.53328091265168,0.41671908734832,0.142772509792121,0.913494179298286,0.272562904817984,0.188835414610105,0.327264106932562,"positive"
378,0.541529323691502,0.408470676308498,0.165455640151631,0.960303911949275,0.262664811570197,0.201620451721828,0.36438195661176,"positive"
379,0.526525694406591,0.423474305593409,0.124195659618126,0.875158315757406,0.28066916671209,0.178364826330217,0.296865624829661,"positive"
380,0.541609720541164,0.408390279458836,0.165676731488202,0.960760164071107,0.262568335350603,0.201745066838805,0.364743742435239,"positive"
381,0.540401086648926,0.409598913351074,0.162352988284547,0.953901166732656,0.264018696021289,0.199871684305836,0.359304889920168,"positive"
382,0.543704181015492,0.406295818984509,0.171436497792602,0.972646227262914,0.26005498278141,0.204991480574012,0.374168814569712,"positive"
383,0.525611298489384,0.424388701510616,0.121681070845807,0.869969118927256,0.281766441812739,0.176947512658546,0.29275084320223,"positive"
384,0.531215299530886,0.418784700469114,0.137092073709937,0.901771824837779,0.275041640562937,0.185633714272873,0.317968847888987,"positive"
385,0.525037345066667,0.424962654933333,0.120102698933333,0.866711933253333,0.28245518592,0.176057884853333,0.2901680528,"positive"
386,0.532019287883304,0.417980712116696,0.139303041679086,0.906334458737751,0.274076854540035,0.186879896219121,0.321586795474868,"positive"
387,0.543338729306124,0.406661270693876,0.170431505591841,0.970572288812255,0.260493524832651,0.204425030424492,0.372524281877559,"positive"
388,0.541772841694765,0.408227158305235,0.166125314660603,0.96168587661779,0.262372589966282,0.201997904626885,0.365477787626442,"positive"
389,0.537696081250906,0.412303918749094,0.154914223439991,0.938550261098892,0.267264702498913,0.195678925938904,0.347132365629077,"positive"
390,0.505553404218517,0.409442723374814,0.135557276625186,0.716372280566953,0.268887382952962,0.135551080774516,0.258885446749628,"positive"
391,0.523456627415726,0.423765301932581,0.121234698067419,0.854585163649405,0.281419639191008,0.17278978502471,0.287530603865161,"positive"
392,0.506149623793317,0.409919699034654,0.135080300965346,0.720975095684407,0.269304736655322,0.136791217490099,0.259839398069307,"positive"
393,0.506705572479405,0.410364457983524,0.134635542016476,0.725267019541003,0.269693900735583,0.137947590757161,0.260728915967047,"positive"
394,0.514157729456201,0.416326183564961,0.128673816435039,0.782797671401873,0.274910410619341,0.153448077268898,0.272652367129922,"positive"
395,0.51851538096671,0.419812304773368,0.125187695226632,0.816438741063001,0.277960766676697,0.162511992410757,0.279624609546736,"positive"
396,0.504931153001962,0.40894492240157,0.13605507759843,0.711568501175148,0.268451807101374,0.134256798244081,0.25788984480314,"positive"
397,0.522707671643002,0.423166137314402,0.121833862685598,0.848803225083975,0.280895370150101,0.171231957017444,0.286332274628803,"positive"
398,0.520414327696199,0.421331462156959,0.123668537843041,0.831098609814653,0.279290029387339,0.166461801608093,0.282662924313918,"positive"
399,0.514085874787997,0.416268699830398,0.128731300169602,0.78224295336334,0.274860112351598,0.153298619559035,0.272537399660796,"positive"
400,0.505745692847995,0.409596554278396,0.135403445721604,0.717856748786522,0.269021984993597,0.13595104112383,0.259193108556792,"positive"
401,0.514847129839472,0.416877703871578,0.128122296128422,0.788119842360728,0.275392990887631,0.154882030066103,0.273755407743156,"positive"
402,0.500282147107646,0.405225717686117,0.139774282313883,0.675678175671026,0.265197502975352,0.124586865983903,0.250451435372233,"positive"
403,0.524504601029912,0.42460368082393,0.12039631917607,0.862675519950921,0.282153220720938,0.174969570142217,0.289207361647859,"positive"
404,0.507427003717748,0.410941602974199,0.134058397025801,0.730836468701018,0.270198902602424,0.139448167732917,0.261883205948398,"positive"
405,0.524515198089648,0.424612158471718,0.120387841528282,0.862757329252083,0.282160638662754,0.174991612026468,0.289224316943437,"positive"
406,0.509693821106339,0.412755056885071,0.132244943114929,0.748336298940936,0.271785674774437,0.144163147901185,0.265510113770142,"positive"
407,0.478633615567815,0.390900846703444,0.148178154090419,0.664420194597682,0.212678154090419,0.137084038919536,0.240891778077232,"positive"
408,0.485048909783363,0.398365939855576,0.146634060144424,0.702256629109383,0.222129463672638,0.144483028829098,0.254044018805027,"positive"
409,0.481671614034567,0.396114409356378,0.148885590643622,0.688372191030998,0.217025994541124,0.141818717738381,0.25100445263111,"positive"
410,0.494567191520473,0.404711461013649,0.140288538986351,0.7413873429175,0.23651264496427,0.151991895532818,0.262610472368426,"positive"
411,0.521317251648288,0.422544834432192,0.122455165567808,0.851359812331852,0.276934958046302,0.173094720744761,0.286685526483459,"positive"
412,0.494209943847964,0.404473295898642,0.140526704101358,0.739918658041628,0.235972804036923,0.151710066813393,0.262288949463167,"positive"
413,0.471204744901042,0.368614234703127,0.13827299320139,0.57155931126303,0.20277299320139,0.118511862252606,0.194089892876567,"positive"
414,0.499504320316482,0.408002880210988,0.136997119789012,0.761684427967761,0.243973195144907,0.155886741583003,0.267053888284834,"positive"
415,0.483191257993458,0.397127505328972,0.147872494671028,0.694619616195327,0.219322345412336,0.143017547972617,0.252372132194112,"positive"
416,0.477938702999381,0.388816108998144,0.147251603999175,0.655733787492267,0.211751603999175,0.135346757498453,0.236513828896103,"positive"
417,0.47478432548116,0.379352976443479,0.143045767308213,0.616304068514495,0.207545767308213,0.127460813702899,0.216641250531306,"positive"
418,0.473581151466351,0.375743454399053,0.141441535288468,0.601264393329388,0.205941535288468,0.124452878665878,0.209061254238011,"positive"
419,0.471572601349326,0.369717804047978,0.138763468465768,0.576157516866573,0.203263468465768,0.119431503373315,0.196407388500753,"positive"
420,0.479329198300838,0.392987594902515,0.149105597734451,0.673114978760481,0.213605597734451,0.138822995752096,0.245273949295282,"positive"
421,0.499137167067966,0.407758111378644,0.137241888621356,0.760175020168303,0.243418385791592,0.155597098464728,0.266723450361169,"positive"
422,0.466628027725965,0.354884083177894,0.13217070363462,0.51435034657456,0.19667070363462,0.107070069314912,0.165256574673578,"positive"
423,0.507535523035331,0.413357015356887,0.131642984643113,0.794701594700804,0.256109234808944,0.162222468172316,0.274281970731798,"positive"
424,0.503038450976601,0.410358967317734,0.134641032682266,0.776213631792693,0.24931365925353,0.158674777992652,0.270234605878941,"positive"
425,0.486229609925067,0.399153073283378,0.145846926716622,0.707110618580831,0.223913632775657,0.145414470051997,0.25510664893256,"positive"
426,0.518982824842678,0.420988549895119,0.124011450104881,0.841762724353233,0.27340737976227,0.171253117375891,0.284584542358411,"positive"
427,0.513771965007763,0.417514643338509,0.127485356661491,0.820340300587472,0.265533191567287,0.167142327950569,0.279894768506987,"positive"
428,0.483245326989563,0.397163551326375,0.147836448673625,0.694841899845982,0.219404049673118,0.143060202402878,0.252420794290607,"positive"
429,0.510287338014459,0.415191558676306,0.129808441323694,0.806014611837221,0.260267532999627,0.164393344433629,0.276758604213013,"positive"
430,0.514353622233029,0.41790241482202,0.12709758517798,0.822731558069121,0.266412140263245,0.167601190872723,0.280418260009726,"positive"
431,0.52068135328358,0.422120902189054,0.122879097810946,0.848745563499164,0.275974044961855,0.17259306759038,0.286113217955222,"positive"
432,0.523093419290381,0.423728946193587,0.121271053806413,0.858661834860453,0.279618944705464,0.174495919662411,0.288284077361342,"positive"
433,0.521471548047848,0.422647698698565,0.122352301301435,0.851994141974486,0.277168117050081,0.173216443459969,0.286824393243063,"positive"
434,0.51044175289222,0.415294501928147,0.129705498071853,0.806649428556906,0.260500871037133,0.164515160614974,0.276897577602998,"positive"
435,0.507626124849776,0.413417416566517,0.131582583433483,0.795074068826856,0.256246144217439,0.162293942937045,0.274363512364798,"positive"
436,0.524648229304003,0.424765486202668,0.120234513797332,0.865053831583122,0.281968435392715,0.175722492006491,0.289683406373602,"positive"
437,0.504150087609887,0.411100058406591,0.133899941593409,0.780783693507314,0.250993465721607,0.159551735781133,0.271235078848898,"positive"
438,0.490754233970074,0.402169489313383,0.142830510686617,0.72571185076586,0.230750842443667,0.148983895687503,0.259178810573067,"positive"
439,0.501998484309297,0.409665656206198,0.135334343793802,0.771938213271555,0.247742154067382,0.157854359844001,0.269298635878367,"positive"
440,0.489680321820779,0.401453547880519,0.143546452119481,0.721296878596535,0.22912804186251,0.148136698325281,0.258212289638701,"positive"
441,0.547142519844929,0.437301399913849,0.147063079810468,0.910292983693304,0.330475459664012,0.171325468032737,0.29246027998277,"positive"
442,0.571331462616799,0.475716941409046,0.194180638389662,1.03209123109269,0.462772816570825,0.192517677965458,0.305204840402584,"positive"
443,0.607297458765097,0.49508324702736,0.172047717683017,1.10208659282746,0.443129849443678,0.24701999520557,0.310738070579246,"positive"
444,0.57,0.464583711512387,0.186666969209909,0.998667786076665,0.428709596451372,0.180500363051891,0.300833484604955,"positive"
445,0.62708894993877,0.505740203813184,0.159868338499218,1.14060387949622,0.432320650418056,0.277011716445675,0.313782915375195,"positive"
446,0.57,0.456562802952249,0.180250242361799,0.974925896738656,0.40191976186051,0.172800290834159,0.297625121180899,"positive"
447,0.602939422490308,0.492736612110166,0.17472958615981,1.0936051837696,0.445510007716832,0.240415894081467,0.310067603460047,"positive"
448,0.57,0.472160032385727,0.192728025908582,1.02109369586175,0.45401450816833,0.187773631090298,0.303864012954291,"positive"
449,0.630278151611565,0.507457466252381,0.157905752854422,1.14681055659789,0.430578855658299,0.281844583595986,0.314273561786395,"positive"
450,0.567291763300309,0.448495424055727,0.1716899329226,0.950143709638389,0.374132153817336,0.167071738858824,0.294699084811145,"positive"
451,0.603691349729197,0.493141496008029,0.174266861705109,1.09506854985759,0.445099339763285,0.241555353051168,0.310183284573723,"positive"
452,0.592108786907047,0.486904731411487,0.181394592672586,1.07252710067295,0.45142520099692,0.224003315543756,0.308401351831853,"positive"
453,0.57,0.464603294845438,0.18668263587635,0.998725752742495,0.428775004783762,0.18051916305162,0.300841317938175,"positive"
454,0.57,0.469539523019921,0.190631618415937,1.01333698813897,0.445262006886536,0.185257942099124,0.302815809207968,"positive"
455,0.553777859061956,0.440987699478865,0.155172938853502,0.923416210144758,0.344852027967572,0.169924674198031,0.293197539895773,"positive"
456,0.531507306662388,0.428615170367993,0.127953374809586,0.879370006510057,0.296599164435174,0.174626235260162,0.290723034073599,"positive"
457,0.57,0.455320947972359,0.179256758377887,0.971250005998183,0.39777196622768,0.171608110053465,0.297128379188944,"positive"
458,0.57,0.469368375820341,0.190494700656272,1.01283039242821,0.444690375239938,0.185093640787527,0.302747350328136,"positive"
459,0.555060679314192,0.441700377396774,0.156740830272902,0.925953343532514,0.347631471847417,0.169653856589226,0.293340075479355,"positive"
460,0.57,0.468555930745788,0.18984474459663,1.01042555500753,0.441976808690932,0.184313693515956,0.302422372298315,"positive"
461,0.57,0.455446468002629,0.179357174402103,0.97162154528778,0.398191203128779,0.171728609282523,0.297178587201051,"positive"
462,0.546010873335181,0.436672707408434,0.145679956298554,0.908054838374024,0.328023558892892,0.171564371184795,0.292334541481687,"positive"
463,0.57,0.467666720721172,0.189133376576938,1.00779349333467,0.439006847208715,0.183460051892325,0.302066688288469,"positive"
464,0.533446269712877,0.429692372062709,0.13032321853796,0.883204844543245,0.300800251044566,0.174216898616171,0.290938474412542,"positive"
465,0.57,0.469037812470924,0.190230249976739,1.01185192491394,0.443586293652887,0.184776299972087,0.30261512498837,"positive"
466,0.57,0.465575989073841,0.187460791259073,1.00160492765857,0.432023803506629,0.181452949510887,0.301230395629536,"positive"
467,0.557272513420321,0.442929174122401,0.159444183069281,0.930327859875746,0.352423779077362,0.169186913833488,0.29358583482448,"positive"
468,0.57,0.472052590083331,0.192642072066665,1.02077566664666,0.453655650878325,0.187670486479998,0.303821036033332,"positive"
469,0.563409104954917,0.446338391641621,0.166944461611565,0.942464674244169,0.36571972740232,0.167891411176184,0.294267678328324,"positive"
470,0.529880053389352,0.427711140771862,0.125964509698097,0.876151661147829,0.293073449010262,0.174969766506692,0.290542228154372,"positive"
471,0.526497459292878,0.425831921829376,0.121830228024628,0.86946164171258,0.285744495134568,0.175683869704837,0.290166384365875,"positive"
472,0.553373774435604,0.44076320801978,0.154679057643516,0.922617020550417,0.343976511277142,0.170009980952484,0.293152641603956,"positive"
473,0.57,0.451743191666901,0.176394553333521,0.960659847334027,0.38582226016745,0.168173464000225,0.29569727666676,"positive"
474,0.57,0.47423155575525,0.1943852446042,1.02722540503554,0.460933396222536,0.18976229352504,0.3046926223021,"positive"
475,0.551026073517278,0.444519555137958,0.152532591896597,0.892526073517278,0.321213784356951,0.162986963241361,0.309519555137958,"positive"
476,0.537565959859639,0.43442446989473,0.135707449824549,0.879065959859639,0.301191865291214,0.16971702007018,0.29942446989473,"positive"
477,0.535010830145329,0.432508122608997,0.132513537681662,0.876510830145329,0.297391109841177,0.170994584927335,0.297508122608997,"positive"
478,0.553275085054338,0.446206313790753,0.155343856317922,0.894775085054338,0.324559189018328,0.161862457472831,0.311206313790753,"positive"
479,0.5330168769788,0.4310126577341,0.1300210962235,0.8745168769788,0.294425104505965,0.1719915615106,0.2960126577341,"positive"
480,0.543881527753547,0.43916114581516,0.143601909691934,0.885381527753547,0.310586272533401,0.166559236123227,0.30416114581516,"positive"
481,0.539154360480606,0.435615770360455,0.137692950600758,0.880654360480607,0.303554611214902,0.168922819759697,0.300615770360455,"positive"
482,0.553793362174183,0.446595021630637,0.155991702717729,0.895293362174183,0.325330126234097,0.161603318912908,0.311595021630637,"positive"
483,0.562949009360746,0.453461757020559,0.167436261700932,0.904449009360746,0.338949151424109,0.157025495319627,0.318461757020559,"positive"
484,0.533919021226466,0.431689265919849,0.131148776533082,0.875419021226466,0.295767044074368,0.171540489386767,0.296689265919849,"positive"
485,0.548529717940837,0.442647288455628,0.149412147426046,0.890029717940837,0.317500455436995,0.164235141029581,0.307647288455628,"positive"
486,0.560046435203403,0.451284826402552,0.163808044004254,0.901546435203403,0.334631572365062,0.158476782398298,0.316284826402552,"positive"
487,0.554959899690002,0.447469924767502,0.157449874612503,0.896459899690002,0.327065350788878,0.161020050154999,0.312469924767502,"positive"
488,0.540827460726723,0.436870595545042,0.139784325908404,0.882327460726723,0.306043347831001,0.168086269636638,0.301870595545042,"positive"
489,0.553283133879304,0.446212350409478,0.15535391734913,0.894783133879304,0.324571161645465,0.161858433060348,0.311212350409478,"positive"
490,0.559044523369521,0.450533392527141,0.162555654211901,0.900544523369521,0.333141228512162,0.15897773831524,0.315533392527141,"positive"
491,0.559052243996412,0.450539182997309,0.162565304995514,0.900552243996412,0.333152712944662,0.158973878001794,0.315539182997309,"positive"
492,0.54823961884249,0.437910899356939,0.148403978585266,0.912462801710702,0.332852507492062,0.171093858244363,0.292582179871388,"positive"
493,0.535149350553984,0.430638528085547,0.132404761788202,0.886573159984546,0.304490259533632,0.173857359327492,0.291127705617109,"positive"
494,0.525441359746037,0.425245199858909,0.120539439689601,0.867372911497718,0.283456279449747,0.175906824053614,0.290049039971782,"positive"
495,0.536644482517149,0.431469156953972,0.134232145298738,0.88953019875614,0.30772971212049,0.173541720357491,0.291293831390794,"positive"
496,0.540209880180191,0.43344993343344,0.138589853553567,0.896581763023045,0.315454740390414,0.172789025295293,0.291689986686688,"positive"
497,0.554929848660249,0.441627693700138,0.156580926140305,0.925694589572493,0.34734800543054,0.169681476393947,0.293325538740028,"positive"
498,0.540808067147154,0.433782259526197,0.139320970957633,0.897764843913261,0.316750812152168,0.172662741380045,0.291756451905239,"positive"
499,0.556744417897426,0.442635787720792,0.158798732985742,0.92928340428602,0.351279572111089,0.169298400666099,0.293527157544158,"positive"
500,0.551127185658552,0.43951510314364,0.151933226916008,0.918173767191358,0.339108902260195,0.170484260805417,0.292903020628728,"positive"
501,0.530723282498075,0.428179601387819,0.126995123053202,0.877819380940637,0.294900445412495,0.174791751472629,0.290635920277564,"positive"
502,0.532156212755945,0.428975673753303,0.128746482257266,0.880653398561757,0.29800512763788,0.174489243973745,0.29079513475066,"positive"
503,0.528371869053226,0.426873260585126,0.124121173287276,0.873168807683047,0.28980571628199,0.175288160977652,0.290374652117025,"positive"
504,0.545558577080956,0.436421431711642,0.145127149765613,0.907160296893446,0.327043583675404,0.171659855949576,0.292284286342328,"positive"
505,0.536204891006928,0.431224939448293,0.133694866786245,0.888660784435924,0.306777263848344,0.173634523009649,0.291244987889659,"positive"
506,0.55034606361296,0.439081146451645,0.150978522193618,0.916628881367855,0.337416471161414,0.170649164348375,0.292816229290329,"positive"
507,0.550623500553193,0.439235278085107,0.151317611787235,0.917177589982981,0.338017584531917,0.170590594327659,0.292847055617021,"positive"
508,0.560339361245278,0.444632978469599,0.163192552633118,0.936393403351773,0.359068616031436,0.168539468181552,0.29392659569392,"positive"
509,0.565,0.44,0.15,0.983,0.4475,0.2355,0.2485,"negative"
510,0.575,0.465,0.12,1.0535,0.516,0.2185,0.235,"negative"
511,0.65,0.525,0.185,1.3455,0.586,0.278,0.3865,"negative"
512,0.62,0.485,0.165,1.1325,0.5235,0.2505,0.2825,"negative"
513,0.65,0.505,0.18,1.469,0.7115,0.3335,0.38,"negative"
514,0.55,0.415,0.18,1.1655,0.502,0.301,0.311,"negative"
515,0.38,0.3,0.09,0.3215,0.1545,0.075,0.095,"negative"
516,0.645,0.51,0.16,1.33,0.6665,0.309,0.317,"negative"
517,0.58,0.45,0.16,0.8675,0.3935,0.221,0.215,"negative"
518,0.45,0.32,0.1,0.381,0.1705,0.075,0.115,"negative"
519,0.585,0.465,0.155,0.9145,0.4555,0.1965,0.235,"negative"
520,0.455,0.365,0.135,0.441,0.1515,0.1165,0.145,"negative"
521,0.635,0.495,0.175,1.211,0.707,0.2725,0.323,"negative"
522,0.625,0.515,0.17,1.331,0.5725,0.3005,0.361,"negative"
523,0.39,0.3,0.09,0.3055,0.143,0.0645,0.085,"negative"
524,0.55,0.425,0.135,0.7305,0.3325,0.1545,0.215,"negative"
525,0.535,0.435,0.15,0.725,0.269,0.1385,0.25,"negative"
526,0.595,0.48,0.14,0.9125,0.4095,0.1825,0.289,"negative"
527,0.46,0.35,0.125,0.5165,0.1885,0.1145,0.185,"negative"
528,0.575,0.445,0.16,0.9175,0.45,0.1935,0.24,"negative"
529,0.52,0.4,0.145,0.7765,0.3525,0.1845,0.185,"negative"
530,0.61,0.45,0.16,1.136,0.414,0.311,0.3,"negative"
531,0.44,0.365,0.115,0.501,0.2435,0.084,0.1465,"negative"
532,0.575,0.45,0.145,0.872,0.4675,0.18,0.217,"negative"
533,0.57,0.44,0.19,1.018,0.447,0.207,0.265,"negative"
534,0.525,0.4,0.125,0.6965,0.369,0.1385,0.164,"negative"
535,0.625,0.495,0.155,1.177,0.5055,0.278,0.345,"negative"
536,0.485,0.345,0.16,0.869,0.3085,0.185,0.319,"negative"
537,0.565,0.465,0.15,1.1815,0.581,0.2215,0.3095,"negative"
538,0.55,0.41,0.13,0.8705,0.4455,0.2115,0.213,"negative"
539,0.6,0.465,0.2,1.259,0.6405,0.1985,0.357,"negative"
540,0.505,0.385,0.125,0.596,0.245,0.097,0.21,"negative"
541,0.57,0.43,0.16,0.811,0.3875,0.159,0.2285,"negative"
542,0.53,0.43,0.16,0.7245,0.321,0.1275,0.24,"negative"
543,0.58,0.42,0.14,0.701,0.3285,0.102,0.2255,"negative"
544,0.45,0.355,0.12,0.3955,0.147,0.0765,0.145,"negative"
545,0.62,0.49,0.15,1.195,0.4605,0.302,0.355,"negative"
546,0.635,0.49,0.17,1.2615,0.5385,0.2665,0.38,"negative"
547,0.375,0.29,0.1,0.276,0.1175,0.0565,0.085,"negative"
548,0.64,0.49,0.155,1.1285,0.477,0.269,0.34,"negative"
549,0.355,0.29,0.09,0.3275,0.134,0.086,0.09,"negative"
550,0.5,0.395,0.14,0.6215,0.2925,0.1205,0.195,"negative"
551,0.6,0.48,0.165,0.9165,0.4135,0.1965,0.2725,"negative"
552,0.4,0.3,0.125,0.417,0.191,0.09,0.1175,"negative"
553,0.69,0.54,0.155,1.454,0.624,0.3105,0.39,"negative"
554,0.51,0.38,0.135,0.681,0.3435,0.142,0.17,"negative"
555,0.54,0.395,0.135,0.6555,0.2705,0.155,0.192,"negative"
556,0.6,0.485,0.165,1.1405,0.587,0.2175,0.288,"negative"
557,0.525,0.415,0.12,0.596,0.2805,0.12,0.1695,"negative"
558,0.45,0.36,0.105,0.4715,0.2035,0.0935,0.149,"negative"
559,0.59,0.47,0.18,1.187,0.5985,0.227,0.31,"negative"
560,0.59,0.47,0.145,0.9235,0.4545,0.173,0.254,"negative"
561,0.7,0.525,0.19,1.6465,0.8545,0.307,0.3995,"negative"
562,0.555,0.405,0.12,0.913,0.4585,0.196,0.2065,"negative"
563,0.61,0.47,0.16,1.022,0.449,0.2345,0.2945,"negative"
564,0.585,0.45,0.135,0.855,0.3795,0.187,0.26,"negative"
565,0.56,0.45,0.145,0.894,0.3885,0.2095,0.264,"negative"
566,0.485,0.39,0.1,0.5565,0.2215,0.1155,0.185,"negative"
567,0.62,0.51,0.175,1.2705,0.5415,0.323,0.3225,"negative"
568,0.515,0.4,0.14,0.6335,0.288,0.145,0.168,"negative"
569,0.44,0.375,0.13,0.487,0.226,0.0965,0.155,"negative"
570,0.625,0.49,0.165,1.127,0.477,0.2365,0.3185,"negative"
571,0.47,0.355,0.12,0.4915,0.1765,0.1125,0.1325,"negative"
572,0.575,0.435,0.155,0.8975,0.4115,0.2325,0.23,"negative"
573,0.66,0.505,0.19,1.4045,0.6255,0.3375,0.3745,"negative"
574,0.605,0.47,0.145,0.8025,0.379,0.2265,0.22,"negative"
575,0.445,0.325,0.125,0.455,0.1785,0.1125,0.14,"negative"
576,0.505,0.39,0.12,0.653,0.3315,0.1385,0.167,"negative"
577,0.54,0.42,0.14,0.6275,0.2505,0.1175,0.235,"negative"
578,0.455,0.35,0.105,0.401,0.1575,0.083,0.135,"negative"
579,0.57,0.46,0.15,1.0375,0.5415,0.2035,0.25,"negative"
580,0.59,0.47,0.155,1.1735,0.6245,0.233,0.2595,"negative"
581,0.56,0.425,0.125,0.932,0.361,0.213,0.335,"negative"
582,0.28,0.205,0.08,0.127,0.052,0.039,0.042,"negative"
583,0.325,0.24,0.075,0.155,0.0475,0.0355,0.06,"negative"
584,0.58,0.425,0.15,0.844,0.3645,0.185,0.2705,"negative"
585,0.55,0.415,0.135,0.7635,0.318,0.21,0.2,"negative"
586,0.57,0.45,0.15,0.9645,0.531,0.189,0.209,"negative"
587,0.59,0.5,0.15,1.142,0.485,0.265,0.345,"negative"
588,0.6,0.475,0.155,1.1385,0.502,0.2295,0.31,"negative"
589,0.53,0.41,0.145,0.8255,0.375,0.204,0.245,"negative"
590,0.65,0.515,0.125,1.1805,0.5235,0.283,0.3275,"negative"
591,0.365,0.285,0.085,0.2205,0.0855,0.0515,0.07,"negative"
592,0.425,0.305,0.11,0.359,0.173,0.0875,0.0975,"negative"
593,0.63,0.455,0.15,1.1315,0.481,0.2745,0.305,"negative"
594,0.48,0.375,0.145,0.777,0.216,0.13,0.17,"negative"
595,0.635,0.5,0.18,1.154,0.4405,0.2315,0.387,"negative"
596,0.54,0.42,0.14,0.8035,0.38,0.1805,0.21,"negative"
597,0.47,0.345,0.14,0.4615,0.229,0.1105,0.116,"negative"
598,0.44,0.35,0.11,0.4585,0.2,0.0885,0.13,"negative"
599,0.66,0.515,0.195,1.5655,0.7345,0.353,0.386,"negative"
600,0.49,0.4,0.115,0.569,0.256,0.1325,0.145,"negative"
601,0.505,0.385,0.105,0.5525,0.239,0.1245,0.1555,"negative"
602,0.65,0.5,0.185,1.4415,0.741,0.2955,0.341,"negative"
603,0.595,0.465,0.15,0.919,0.4335,0.1765,0.262,"negative"
604,0.595,0.475,0.14,0.944,0.3625,0.189,0.315,"negative"
605,0.575,0.475,0.16,0.895,0.3605,0.221,0.271,"negative"
606,0.61,0.47,0.165,1.052,0.498,0.242,0.267,"negative"
607,0.59,0.435,0.165,0.9765,0.4525,0.2395,0.235,"negative"
608,0.35,0.265,0.11,0.209,0.066,0.059,0.075,"negative"
609,0.58,0.45,0.155,0.93,0.385,0.246,0.265,"negative"
610,0.69,0.55,0.18,1.659,0.8715,0.2655,0.4395,"negative"
611,0.5,0.375,0.145,0.5795,0.239,0.1375,0.185,"negative"
612,0.515,0.39,0.13,0.5755,0.1975,0.13,0.1845,"negative"
613,0.545,0.415,0.14,0.82,0.4615,0.127,0.218,"negative"
614,0.535,0.42,0.145,0.6885,0.273,0.1515,0.237,"negative"
615,0.345,0.255,0.1,0.197,0.071,0.051,0.06,"negative"
616,0.65,0.5,0.16,1.3825,0.702,0.304,0.3195,"negative"
617,0.495,0.375,0.155,0.976,0.45,0.2285,0.2475,"negative"
618,0.46,0.35,0.11,0.3945,0.1685,0.0865,0.125,"negative"
619,0.5,0.39,0.13,0.5075,0.2115,0.104,0.1755,"negative"
620,0.67,0.485,0.175,1.2565,0.5355,0.322,0.386,"negative"
621,0.63,0.485,0.17,1.3205,0.5945,0.345,0.345,"negative"
622,0.55,0.445,0.155,0.9905,0.544,0.178,0.218,"negative"
623,0.625,0.485,0.2,1.38,0.5845,0.302,0.401,"negative"
624,0.44,0.365,0.11,0.4465,0.213,0.089,0.1135,"negative"
625,0.595,0.47,0.165,1.0155,0.491,0.1905,0.289,"negative"
626,0.625,0.485,0.15,1.044,0.438,0.2865,0.278,"negative"
627,0.6,0.475,0.15,1.13,0.575,0.196,0.305,"negative"
628,0.53,0.405,0.12,0.632,0.2715,0.148,0.1875,"negative"
629,0.445,0.34,0.12,0.4475,0.193,0.1035,0.13,"negative"
630,0.43,0.35,0.09,0.397,0.1575,0.089,0.12,"negative"
631,0.575,0.45,0.155,0.9765,0.495,0.2145,0.235,"negative"
632,0.5,0.365,0.13,0.5945,0.309,0.1085,0.1535,"negative"
633,0.46,0.355,0.13,0.517,0.2205,0.114,0.165,"negative"
634,0.52,0.395,0.125,0.663,0.3005,0.131,0.1905,"negative"
635,0.725,0.58,0.185,1.523,0.8045,0.3595,0.4375,"negative"
636,0.53,0.43,0.15,0.741,0.325,0.1855,0.196,"negative"
637,0.59,0.46,0.125,0.755,0.334,0.15,0.238,"negative"
638,0.505,0.405,0.11,0.625,0.305,0.16,0.175,"negative"
639,0.57,0.455,0.175,1.02,0.4805,0.2145,0.29,"negative"
640,0.51,0.455,0.135,0.6855,0.2875,0.154,0.2035,"negative"
641,0.53,0.415,0.11,0.5745,0.2525,0.1235,0.189,"negative"
642,0.645,0.51,0.19,1.4745,0.605,0.345,0.48,"negative"
643,0.625,0.49,0.155,1.115,0.484,0.277,0.3095,"negative"
644,0.52,0.4,0.125,0.6865,0.295,0.1715,0.185,"negative"
645,0.55,0.435,0.14,0.745,0.347,0.174,0.2265,"negative"
646,0.485,0.355,0.105,0.498,0.2175,0.096,0.1525,"negative"
647,0.58,0.435,0.14,0.953,0.475,0.2165,0.2095,"negative"
648,0.62,0.46,0.16,0.9505,0.4915,0.2,0.228,"negative"
649,0.575,0.475,0.145,0.857,0.3665,0.173,0.269,"negative"
650,0.625,0.48,0.2,1.3235,0.6075,0.3055,0.355,"negative"
651,0.455,0.355,0.08,0.452,0.2165,0.0995,0.125,"negative"
652,0.475,0.34,0.105,0.4535,0.203,0.08,0.1465,"negative"
653,0.64,0.49,0.18,1.36,0.653,0.347,0.305,"negative"
654,0.655,0.52,0.165,1.4095,0.586,0.291,0.405,"negative"
655,0.575,0.45,0.155,0.886,0.3605,0.211,0.2575,"negative"
656,0.47,0.365,0.105,0.4205,0.163,0.1035,0.14,"negative"
657,0.515,0.4,0.115,0.578,0.191,0.1445,0.17,"negative"
658,0.605,0.455,0.16,1.1035,0.421,0.3015,0.325,"negative"
659,0.485,0.355,0.12,0.5085,0.21,0.122,0.135,"negative"
660,0.42,0.33,0.1,0.352,0.1635,0.089,0.1,"negative"
661,0.525,0.41,0.13,0.6875,0.3435,0.1495,0.1765,"negative"
662,0.61,0.465,0.125,0.9225,0.436,0.19,0.26,"negative"
663,0.705,0.54,0.205,1.757,0.8265,0.417,0.461,"negative"
664,0.46,0.35,0.105,0.3705,0.1575,0.077,0.114,"negative"
665,0.65,0.51,0.19,1.542,0.7155,0.3735,0.375,"negative"
666,0.56,0.43,0.145,0.8995,0.464,0.1775,0.234,"negative"
667,0.625,0.495,0.175,1.2935,0.5805,0.317,0.355,"negative"
668,0.335,0.265,0.095,0.1975,0.0795,0.0375,0.07,"negative"
669,0.515,0.4,0.135,0.6965,0.32,0.1255,0.175,"negative"
670,0.58,0.45,0.14,0.9615,0.486,0.1815,0.253,"negative"
671,0.565,0.445,0.145,0.9255,0.4345,0.212,0.2475,"negative"
672,0.54,0.415,0.15,0.8115,0.3875,0.1875,0.2035,"negative"
673,0.55,0.42,0.155,0.912,0.495,0.1805,0.205,"negative"
674,0.465,0.36,0.105,0.431,0.172,0.107,0.175,"negative"
675,0.575,0.43,0.155,0.7955,0.3485,0.1925,0.22,"negative"
676,0.55,0.435,0.125,0.741,0.348,0.1585,0.206,"negative"
677,0.605,0.475,0.175,1.2525,0.5575,0.3055,0.343,"negative"
678,0.535,0.435,0.15,0.717,0.3475,0.1445,0.194,"negative"
679,0.575,0.47,0.165,0.869,0.435,0.197,0.238,"negative"
680,0.595,0.46,0.16,0.921,0.4005,0.2025,0.2875,"negative"
681,0.62,0.48,0.165,1.0725,0.4815,0.235,0.312,"negative"
682,0.48,0.37,0.125,0.5435,0.244,0.101,0.165,"negative"
683,0.565,0.44,0.135,0.83,0.393,0.1735,0.238,"negative"
684,0.715,0.565,0.18,1.79,0.844,0.3535,0.5385,"negative"
685,0.605,0.475,0.14,1.1175,0.555,0.257,0.274,"negative"
686,0.61,0.465,0.15,0.9605,0.4495,0.1725,0.286,"negative"
687,0.61,0.475,0.175,1.024,0.409,0.261,0.322,"negative"
688,0.45,0.325,0.135,0.438,0.1805,0.1165,0.11,"negative"
689,0.575,0.455,0.16,0.9895,0.495,0.195,0.246,"negative"
690,0.435,0.32,0.08,0.3325,0.1485,0.0635,0.105,"negative"
691,0.6,0.475,0.175,1.11,0.5105,0.256,0.285,"negative"
692,0.635,0.485,0.165,1.2945,0.668,0.2605,0.2715,"negative"
693,0.635,0.495,0.015,1.1565,0.5115,0.308,0.2885,"negative"
694,0.535,0.41,0.13,0.7145,0.335,0.144,0.2075,"negative"
695,0.54,0.42,0.12,0.8115,0.392,0.1455,0.2235,"negative"
696,0.53,0.395,0.115,0.5685,0.249,0.1375,0.161,"negative"
697,0.625,0.47,0.175,1.179,0.605,0.258,0.271,"negative"
698,0.485,0.39,0.125,0.591,0.287,0.141,0.12,"negative"
699,0.525,0.4,0.14,0.6055,0.2605,0.108,0.21,"negative"
700,0.645,0.48,0.15,1.192,0.6055,0.2595,0.285,"negative"
701,0.4,0.265,0.1,0.2775,0.1245,0.0605,0.08,"negative"
702,0.615,0.495,0.155,1.0805,0.52,0.19,0.32,"negative"
703,0.43,0.34,0.12,0.3575,0.151,0.0645,0.1045,"negative"
704,0.57,0.44,0.12,0.803,0.382,0.1525,0.234,"negative"
705,0.44,0.35,0.12,0.375,0.1425,0.0965,0.115,"negative"
706,0.53,0.42,0.135,0.677,0.2565,0.1415,0.21,"negative"
707,0.63,0.49,0.15,1.1955,0.5845,0.257,0.3,"negative"
708,0.675,0.53,0.195,1.4985,0.62,0.375,0.425,"negative"
709,0.685,0.545,0.205,1.7925,0.8145,0.416,0.461,"negative"
710,0.41,0.315,0.095,0.306,0.121,0.0735,0.09,"negative"
711,0.52,0.415,0.14,0.6375,0.308,0.1335,0.168,"negative"
712,0.53,0.425,0.155,0.7905,0.307,0.171,0.2595,"negative"
713,0.545,0.4,0.14,0.778,0.368,0.215,0.18,"negative"
714,0.62,0.47,0.15,1.309,0.587,0.4405,0.325,"negative"
715,0.56,0.455,0.16,0.967,0.4525,0.207,0.274,"negative"
716,0.445,0.37,0.125,0.515,0.2495,0.087,0.159,"negative"
717,0.36,0.295,0.1,0.2105,0.066,0.0525,0.075,"negative"
718,0.69,0.53,0.17,1.5535,0.7945,0.3485,0.3695,"negative"
719,0.605,0.47,0.155,0.974,0.393,0.224,0.3345,"negative"
720,0.6,0.51,0.185,1.285,0.6095,0.2745,0.315,"negative"
721,0.615,0.515,0.135,1.1215,0.545,0.2305,0.29,"negative"
722,0.53,0.415,0.12,0.706,0.3355,0.1635,0.1345,"negative"
723,0.625,0.5,0.17,1.0985,0.4645,0.22,0.354,"negative"
724,0.55,0.465,0.15,0.936,0.481,0.174,0.2435,"negative"
725,0.37,0.28,0.105,0.234,0.0905,0.0585,0.075,"negative"
726,0.625,0.515,0.16,1.264,0.5715,0.326,0.321,"negative"
727,0.555,0.43,0.14,0.7545,0.3525,0.1835,0.2015,"negative"
728,0.585,0.455,0.14,0.97,0.462,0.185,0.295,"negative"
729,0.53,0.43,0.13,0.7045,0.346,0.1415,0.189,"negative"
730,0.6,0.46,0.15,1.247,0.5335,0.2735,0.29,"negative"
731,0.555,0.435,0.145,0.9685,0.4985,0.168,0.2385,"negative"
732,0.59,0.46,0.14,1.004,0.496,0.2165,0.26,"negative"
733,0.655,0.51,0.15,1.043,0.4795,0.223,0.305,"negative"
734,0.425,0.33,0.13,0.4405,0.152,0.0935,0.155,"negative"
735,0.6,0.45,0.15,0.9625,0.4375,0.2225,0.2775,"negative"
736,0.465,0.35,0.115,0.421,0.1565,0.091,0.1345,"negative"
737,0.54,0.42,0.14,0.7265,0.3205,0.1445,0.229,"negative"
738,0.475,0.335,0.1,0.4425,0.1895,0.086,0.135,"negative"
739,0.545,0.41,0.14,0.7405,0.3565,0.1775,0.203,"negative"
740,0.56,0.455,0.145,0.974,0.547,0.1615,0.235,"negative"
741,0.58,0.45,0.15,0.92,0.393,0.212,0.2895,"negative"
742,0.505,0.38,0.135,0.5385,0.2645,0.095,0.165,"negative"
743,0.625,0.485,0.175,1.3745,0.7335,0.2715,0.332,"negative"
744,0.595,0.455,0.15,1.044,0.518,0.2205,0.27,"negative"
745,0.57,0.455,0.15,0.952,0.3895,0.2155,0.2745,"negative"
746,0.585,0.47,0.145,0.9565,0.4025,0.2365,0.265,"negative"
747,0.42,0.305,0.11,0.28,0.094,0.0785,0.0955,"negative"
748,0.605,0.475,0.165,1.056,0.433,0.2195,0.357,"negative"
749,0.655,0.46,0.16,1.494,0.6895,0.331,0.1825,"negative"
750,0.665,0.505,0.165,1.349,0.5985,0.3175,0.36,"negative"
751,0.44,0.355,0.125,0.4775,0.132,0.0815,0.19,"negative"
752,0.5,0.42,0.135,0.6765,0.302,0.1415,0.2065,"negative"
753,0.555,0.395,0.13,0.5585,0.222,0.1245,0.17,"negative"
754,0.585,0.46,0.14,0.7635,0.326,0.153,0.265,"negative"
755,0.55,0.425,0.145,0.797,0.297,0.15,0.265,"negative"
756,0.45,0.335,0.105,0.425,0.1865,0.091,0.115,"negative"
757,0.56,0.43,0.145,0.898,0.3895,0.2325,0.245,"negative"
758,0.54,0.43,0.17,0.836,0.3725,0.1815,0.24,"negative"
759,0.525,0.43,0.135,0.8435,0.4325,0.18,0.1815,"negative"
760,0.5,0.365,0.125,0.528,0.229,0.103,0.1645,"negative"
761,0.635,0.5,0.18,1.2915,0.594,0.2695,0.37,"negative"
762,0.645,0.52,0.18,1.285,0.5775,0.352,0.317,"negative"
763,0.675,0.525,0.155,1.4785,0.628,0.3405,0.42,"negative"
764,0.515,0.395,0.125,0.5805,0.2365,0.1075,0.19,"negative"
765,0.6,0.475,0.205,1.176,0.5255,0.2875,0.308,"negative"
766,0.4,0.29,0.115,0.2795,0.1115,0.0575,0.075,"negative"
767,0.41,0.31,0.11,0.315,0.124,0.082,0.095,"negative"
768,0.555,0.425,0.15,0.873,0.4625,0.1845,0.1965,"negative"
769,0.575,0.465,0.15,1.08,0.595,0.2065,0.238,"negative"
770,0.47,0.365,0.12,0.543,0.2295,0.1495,0.15,"negative"
771,0.65,0.51,0.16,1.3835,0.6385,0.2905,0.3665,"negative"
772,0.575,0.445,0.17,0.8015,0.3475,0.1465,0.25,"negative"
773,0.475,0.35,0.125,0.4225,0.1905,0.079,0.1355,"negative"
774,0.55,0.47,0.15,0.897,0.377,0.184,0.29,"negative"
775,0.505,0.4,0.165,0.729,0.2675,0.155,0.25,"negative"
776,0.62,0.5,0.165,1.307,0.6355,0.2545,0.315,"negative"
777,0.335,0.24,0.095,0.17,0.062,0.039,0.055,"negative"
778,0.52,0.395,0.125,0.5805,0.2445,0.146,0.165,"negative"
779,0.605,0.515,0.17,1.289,0.6,0.2945,0.3315,"negative"
780,0.54,0.415,0.135,0.709,0.3195,0.174,0.185,"negative"
781,0.575,0.445,0.14,0.941,0.3845,0.252,0.285,"negative"
782,0.505,0.395,0.125,0.635,0.29,0.1555,0.175,"negative"
783,0.455,0.355,0.12,0.4495,0.177,0.104,0.15,"negative"
784,0.7,0.565,0.18,1.751,0.895,0.3355,0.446,"negative"
785,0.575,0.445,0.145,0.847,0.415,0.1945,0.22,"negative"
786,0.415,0.315,0.115,0.3895,0.2015,0.065,0.103,"negative"
787,0.57,0.44,0.175,0.9415,0.3805,0.2285,0.283,"negative"
788,0.5,0.38,0.11,0.5605,0.28,0.106,0.15,"negative"
789,0.555,0.43,0.15,0.783,0.345,0.1755,0.247,"negative"
790,0.575,0.46,0.15,0.927,0.333,0.207,0.2985,"negative"
791,0.605,0.455,0.145,0.9775,0.468,0.1775,0.275,"negative"
792,0.605,0.485,0.16,1.201,0.417,0.2875,0.38,"negative"
793,0.61,0.47,0.155,1.0325,0.497,0.2175,0.2785,"negative"
794,0.67,0.54,0.2,1.46,0.6435,0.328,0.4165,"negative"
795,0.635,0.505,0.17,1.2635,0.512,0.322,0.355,"negative"
796,0.505,0.39,0.13,0.674,0.3165,0.141,0.1785,"negative"
797,0.545,0.385,0.15,1.1185,0.5425,0.2445,0.2845,"negative"
798,0.56,0.445,0.165,0.832,0.3455,0.179,0.279,"negative"
799,0.53,0.405,0.13,0.738,0.2845,0.17,0.193,"negative"
800,0.595,0.46,0.14,0.852,0.4215,0.2255,0.227,"negative"
801,0.515,0.4,0.135,0.636,0.3055,0.1215,0.1855,"negative"
802,0.405,0.325,0.11,0.3555,0.151,0.063,0.117,"negative"
803,0.615,0.465,0.15,0.923,0.4615,0.1825,0.2415,"negative"
804,0.6,0.47,0.13,1.0105,0.423,0.219,0.298,"negative"
805,0.485,0.37,0.115,0.457,0.1885,0.0965,0.15,"negative"
806,0.525,0.39,0.12,0.664,0.3115,0.147,0.178,"negative"
807,0.565,0.43,0.13,0.784,0.3495,0.1885,0.213,"negative"
808,0.475,0.355,0.125,0.4865,0.2155,0.1105,0.142,"negative"
809,0.5,0.395,0.12,0.537,0.2165,0.1085,0.1785,"negative"
810,0.525,0.42,0.155,0.842,0.428,0.1415,0.2045,"negative"
811,0.62,0.465,0.14,1.1605,0.6005,0.2195,0.307,"negative"
812,0.43,0.31,0.13,0.6485,0.2735,0.163,0.184,"negative"
813,0.32,0.25,0.08,0.1565,0.057,0.034,0.06,"negative"
814,0.57,0.42,0.13,0.7745,0.3535,0.1505,0.2365,"negative"
815,0.595,0.455,0.14,0.914,0.3895,0.2225,0.271,"negative"
816,0.475,0.36,0.125,0.447,0.1695,0.081,0.14,"negative"
817,0.565,0.445,0.14,0.836,0.406,0.1605,0.2245,"negative"
818,0.47,0.36,0.13,0.5225,0.198,0.1065,0.165,"negative"
819,0.5,0.37,0.15,1.0615,0.494,0.223,0.296,"negative"
820,0.595,0.435,0.16,1.057,0.4255,0.224,0.31,"negative"
821,0.585,0.45,0.145,0.9835,0.4845,0.242,0.22,"negative"
822,0.49,0.39,0.12,0.511,0.2205,0.103,0.1745,"negative"
823,0.645,0.49,0.16,1.251,0.5355,0.3345,0.3165,"negative"
824,0.5,0.39,0.135,0.7815,0.361,0.1575,0.2385,"negative"
825,0.45,0.34,0.13,0.3715,0.1605,0.0795,0.105,"negative"
826,0.475,0.365,0.125,0.5465,0.229,0.1185,0.172,"negative"
827,0.505,0.39,0.16,0.644,0.2475,0.2025,0.1635,"negative"
828,0.57,0.45,0.135,1.02,0.546,0.204,0.25,"negative"
829,0.435,0.35,0.125,0.459,0.197,0.1145,0.145,"negative"
830,0.555,0.445,0.13,0.8625,0.4225,0.155,0.24,"negative"
831,0.59,0.445,0.135,0.7715,0.328,0.1745,0.23,"negative"
832,0.64,0.515,0.205,1.5335,0.6635,0.3345,0.4025,"negative"
833,0.575,0.455,0.135,0.907,0.4245,0.197,0.26,"negative"
834,0.505,0.38,0.135,0.6855,0.361,0.1565,0.161,"negative"
835,0.435,0.335,0.11,0.38,0.1695,0.086,0.11,"negative"
836,0.465,0.37,0.115,0.4075,0.1515,0.0935,0.1455,"negative"
837,0.575,0.445,0.17,1.0225,0.549,0.2175,0.228,"negative"
838,0.625,0.49,0.11,1.136,0.5265,0.1915,0.2925,"negative"
839,0.595,0.47,0.155,1.1775,0.542,0.269,0.31,"negative"
840,0.705,0.55,0.17,1.219,0.6395,0.236,0.301,"negative"
841,0.525,0.375,0.12,0.6315,0.3045,0.114,0.19,"negative"
842,0.5,0.395,0.15,0.7145,0.3235,0.173,0.195,"negative"
843,0.55,0.43,0.14,0.7135,0.2565,0.186,0.225,"negative"
844,0.575,0.45,0.135,0.9215,0.354,0.209,0.2365,"negative"
845,0.365,0.26,0.115,0.218,0.0935,0.0445,0.07,"negative"
846,0.53,0.405,0.13,0.6615,0.2945,0.1395,0.19,"negative"
847,0.56,0.42,0.18,1.6645,0.7755,0.35,0.4525,"negative"
848,0.6,0.445,0.135,0.9205,0.445,0.2035,0.253,"negative"
849,0.575,0.44,0.125,0.8515,0.4555,0.1715,0.1965,"negative"
850,0.425,0.325,0.12,0.3755,0.142,0.1065,0.105,"negative"
851,0.61,0.475,0.15,1.142,0.62,0.237,0.245,"negative"
852,0.565,0.44,0.135,0.768,0.3305,0.1385,0.2475,"negative"
853,0.585,0.465,0.165,0.9355,0.4035,0.2275,0.259,"negative"
854,0.365,0.295,0.095,0.25,0.1075,0.0545,0.08,"negative"
855,0.465,0.36,0.105,0.452,0.22,0.159,0.1035,"negative"
856,0.58,0.45,0.17,0.9705,0.4615,0.232,0.248,"negative"
857,0.65,0.49,0.155,1.122,0.545,0.228,0.3055,"negative"
858,0.44,0.305,0.115,0.379,0.162,0.091,0.11,"negative"
859,0.5,0.38,0.12,0.5765,0.273,0.135,0.145,"negative"
860,0.565,0.42,0.155,0.743,0.31,0.186,0.231,"negative"
861,0.545,0.445,0.15,0.8,0.3535,0.163,0.207,"negative"
862,0.345,0.27,0.09,0.195,0.078,0.0455,0.059,"negative"
863,0.655,0.52,0.17,1.1445,0.53,0.223,0.348,"negative"
864,0.295,0.225,0.08,0.124,0.0485,0.032,0.04,"negative"
865,0.615,0.475,0.19,1.4335,0.7315,0.305,0.3285,"negative"
866,0.66,0.5,0.165,1.3195,0.667,0.269,0.341,"negative"
867,0.565,0.455,0.15,0.9595,0.4565,0.2395,0.23,"negative"
868,0.465,0.37,0.12,0.4365,0.188,0.0815,0.147,"negative"
869,0.605,0.47,0.165,1.1775,0.611,0.2275,0.292,"negative"
870,0.605,0.5,0.185,1.1185,0.469,0.2585,0.335,"negative"
871,0.355,0.27,0.105,0.271,0.1425,0.0525,0.0735,"negative"
872,0.505,0.425,0.125,0.6115,0.245,0.1375,0.2,"negative"
873,0.45,0.345,0.12,0.4165,0.1655,0.095,0.135,"negative"
874,0.58,0.455,0.195,1.859,0.945,0.426,0.441,"negative"
875,0.625,0.485,0.16,1.254,0.591,0.259,0.3485,"negative"
876,0.635,0.51,0.17,1.2235,0.532,0.271,0.354,"negative"
877,0.535,0.39,0.125,0.599,0.2595,0.149,0.169,"negative"
878,0.585,0.46,0.145,0.9335,0.478,0.1825,0.235,"negative"
879,0.4,0.305,0.13,0.2935,0.096,0.0675,0.105,"negative"
880,0.56,0.465,0.16,1.0315,0.432,0.2025,0.337,"negative"
881,0.6,0.465,0.165,1.038,0.4975,0.2205,0.251,"negative"
882,0.405,0.315,0.105,0.347,0.1605,0.0785,0.1,"negative"
883,0.575,0.48,0.165,1.078,0.511,0.2095,0.306,"negative"
884,0.34,0.255,0.095,0.213,0.081,0.034,0.07,"negative"
885,0.465,0.355,0.09,0.4325,0.2005,0.074,0.1275,"negative"
886,0.54,0.405,0.125,0.891,0.4815,0.1915,0.202,"negative"
887,0.475,0.375,0.11,0.456,0.182,0.099,0.16,"negative"
888,0.44,0.35,0.125,0.4035,0.175,0.063,0.129,"negative"
889,0.49,0.38,0.155,0.578,0.2395,0.1255,0.18,"negative"
890,0.72,0.55,0.195,2.073,1.0715,0.4265,0.5015,"negative"
891,0.65,0.51,0.155,1.407,0.7215,0.298,0.335,"negative"
892,0.51,0.4,0.145,0.5775,0.231,0.143,0.177,"negative"
893,0.525,0.4,0.13,0.622,0.2655,0.147,0.184,"negative"
894,0.345,0.255,0.09,0.2005,0.094,0.0295,0.063,"negative"
895,0.575,0.465,0.14,0.958,0.442,0.1815,0.2705,"negative"
896,0.53,0.395,0.13,0.575,0.247,0.115,0.183,"negative"
897,0.475,0.37,0.125,0.537,0.222,0.1215,0.15,"negative"
898,0.53,0.44,0.135,0.7835,0.313,0.1715,0.2185,"negative"
899,0.5,0.38,0.125,0.577,0.269,0.1265,0.1535,"negative"
900,0.645,0.49,0.16,1.1665,0.4935,0.3155,0.299,"negative"
901,0.565,0.44,0.125,0.802,0.3595,0.1825,0.215,"negative"
902,0.58,0.46,0.15,1.0165,0.491,0.221,0.265,"negative"
903,0.555,0.43,0.135,0.812,0.4055,0.163,0.2215,"negative"
904,0.685,0.51,0.18,1.4545,0.6315,0.3105,0.3725,"negative"
905,0.6,0.485,0.145,0.776,0.3545,0.1585,0.239,"negative"
906,0.61,0.365,0.155,1.0765,0.488,0.249,0.27,"negative"
907,0.62,0.47,0.14,0.8565,0.3595,0.16,0.295,"negative"
908,0.545,0.43,0.14,0.832,0.4355,0.17,0.201,"negative"
909,0.575,0.45,0.13,0.785,0.318,0.193,0.2265,"negative"
910,0.415,0.325,0.115,0.3455,0.1405,0.0765,0.11,"negative"
911,0.55,0.43,0.15,0.8745,0.413,0.1905,0.248,"negative"
912,0.625,0.455,0.17,1.082,0.4955,0.2345,0.315,"negative"
913,0.625,0.48,0.16,1.2415,0.6575,0.2625,0.2785,"negative"
914,0.63,0.495,0.145,1.147,0.5455,0.266,0.2885,"negative"
915,0.555,0.44,0.14,0.8705,0.407,0.156,0.255,"negative"
916,0.63,0.47,0.145,1.1005,0.52,0.26,0.276,"negative"
917,0.56,0.425,0.145,0.688,0.3095,0.1305,0.2165,"negative"
918,0.555,0.455,0.135,0.837,0.382,0.171,0.235,"negative"
919,0.5,0.355,0.14,0.528,0.2125,0.149,0.14,"negative"
920,0.605,0.475,0.155,1.161,0.572,0.2455,0.275,"negative"
921,0.46,0.375,0.13,0.5735,0.2505,0.119,0.195,"negative"
922,0.67,0.505,0.205,1.3645,0.6075,0.3025,0.353,"negative"
923,0.55,0.405,0.125,0.651,0.2965,0.137,0.2,"negative"
924,0.575,0.435,0.14,0.8455,0.401,0.191,0.222,"negative"
925,0.59,0.44,0.14,1.007,0.4775,0.2105,0.2925,"negative"
926,0.555,0.45,0.175,0.738,0.304,0.1755,0.22,"negative"
927,0.52,0.385,0.14,0.6595,0.2485,0.2035,0.16,"negative"
928,0.515,0.39,0.12,0.565,0.235,0.135,0.179,"negative"
929,0.58,0.455,0.17,0.93,0.408,0.259,0.22,"negative"
930,0.575,0.47,0.15,0.9785,0.4505,0.196,0.276,"negative"
931,0.49,0.385,0.12,0.591,0.271,0.1125,0.1775,"negative"
932,0.545,0.41,0.14,0.737,0.349,0.15,0.212,"negative"
933,0.65,0.475,0.165,1.3875,0.58,0.3485,0.3095,"negative"
934,0.515,0.35,0.155,0.9225,0.4185,0.198,0.273,"negative"
935,0.54,0.43,0.14,0.8195,0.3935,0.1725,0.2295,"negative"
936,0.565,0.44,0.15,0.863,0.435,0.149,0.27,"negative"
937,0.495,0.395,0.125,0.5415,0.2375,0.1345,0.155,"negative"
938,0.53,0.425,0.13,0.781,0.3905,0.2005,0.215,"negative"
939,0.435,0.355,0.125,0.4075,0.1535,0.074,0.165,"negative"
940,0.42,0.345,0.115,0.3435,0.1515,0.0795,0.115,"negative"
941,0.6,0.47,0.165,1.059,0.504,0.241,0.275,"negative"
942,0.625,0.495,0.155,1.025,0.46,0.1945,0.34,"negative"
943,0.615,0.53,0.17,1.12,0.5775,0.2095,0.286,"negative"
944,0.335,0.255,0.085,0.1785,0.071,0.0405,0.055,"negative"
945,0.515,0.405,0.13,0.573,0.213,0.134,0.195,"negative"
946,0.59,0.455,0.16,1.09,0.5,0.2215,0.292,"negative"
947,0.595,0.47,0.165,1.108,0.4915,0.2325,0.3345,"negative"
948,0.295,0.225,0.09,0.1385,0.048,0.046,0.05,"negative"
949,0.545,0.4,0.13,0.686,0.3285,0.1455,0.18,"negative"
950,0.63,0.49,0.155,1.2525,0.63,0.246,0.289,"negative"
951,0.65,0.52,0.155,1.368,0.6185,0.288,0.365,"negative"
952,0.48,0.355,0.125,0.494,0.2385,0.0835,0.15,"negative"
953,0.36,0.275,0.085,0.1975,0.0745,0.0415,0.07,"negative"
954,0.625,0.5,0.165,1.288,0.573,0.3035,0.315,"negative"
955,0.57,0.45,0.18,0.908,0.4015,0.217,0.255,"negative"
956,0.385,0.29,0.09,0.2615,0.111,0.0595,0.0745,"negative"
957,0.525,0.405,0.12,0.7555,0.3755,0.1555,0.201,"negative"
958,0.35,0.255,0.08,0.1915,0.08,0.0385,0.063,"negative"
959,0.56,0.445,0.18,0.903,0.3575,0.2045,0.295,"negative"
960,0.52,0.395,0.135,0.633,0.2985,0.1295,0.175,"negative"
961,0.64,0.5,0.17,1.4545,0.642,0.3575,0.354,"negative"
962,0.545,0.43,0.14,0.687,0.2615,0.1405,0.25,"negative"
963,0.41,0.325,0.1,0.3555,0.146,0.072,0.105,"negative"
964,0.475,0.36,0.11,0.4555,0.177,0.0965,0.145,"negative"
965,0.62,0.48,0.175,1.0405,0.464,0.2225,0.3,"negative"
966,0.615,0.475,0.155,1.027,0.447,0.25,0.285,"negative"
967,0.575,0.48,0.15,0.9465,0.4355,0.2605,0.2505,"negative"
968,0.44,0.32,0.105,0.3875,0.1755,0.074,0.12,"negative"
969,0.61,0.5,0.18,1.438,0.5185,0.3735,0.3345,"negative"
970,0.55,0.4,0.135,0.717,0.3315,0.1495,0.221,"negative"
971,0.5,0.375,0.12,0.542,0.215,0.116,0.17,"negative"
972,0.62,0.475,0.16,1.3245,0.6865,0.233,0.3275,"negative"
973,0.54,0.435,0.14,0.7345,0.33,0.1595,0.213,"negative"
974,0.455,0.355,0.105,0.372,0.138,0.0765,0.135,"negative"
975,0.56,0.44,0.135,0.8025,0.35,0.1615,0.259,"negative"
976,0.33,0.26,0.08,0.2,0.0625,0.05,0.07,"negative"
977,0.56,0.435,0.13,0.777,0.354,0.173,0.222,"negative"
978,0.525,0.425,0.19,0.872,0.4625,0.1725,0.199,"negative"
979,0.645,0.5,0.16,1.3815,0.672,0.326,0.315,"negative"
980,0.455,0.37,0.125,0.433,0.201,0.1265,0.145,"negative"
981,0.395,0.305,0.105,0.282,0.0975,0.065,0.096,"negative"
982,0.555,0.425,0.145,0.7905,0.3485,0.1765,0.225,"negative"
983,0.57,0.435,0.17,0.848,0.4,0.166,0.25,"negative"
984,0.53,0.415,0.13,0.694,0.3905,0.111,0.167,"negative"
985,0.52,0.41,0.145,0.646,0.2965,0.1595,0.165,"negative"
986,0.61,0.485,0.145,1.3305,0.783,0.2255,0.2865,"negative"
987,0.55,0.425,0.16,0.793,0.343,0.2035,0.215,"negative"
988,0.53,0.4,0.145,0.555,0.1935,0.1305,0.195,"negative"
989,0.595,0.46,0.14,1.0045,0.4655,0.2095,0.2515,"negative"
990,0.475,0.365,0.115,0.49,0.223,0.1235,0.1335,"negative"
991,0.585,0.46,0.17,0.9325,0.365,0.271,0.29,"negative"
992,0.535,0.41,0.13,0.6075,0.268,0.1225,0.1975,"negative"
993,0.37,0.285,0.105,0.27,0.1125,0.0585,0.0835,"negative"
994,0.59,0.405,0.15,0.853,0.326,0.2615,0.245,"negative"
995,0.645,0.515,0.16,1.1845,0.506,0.311,0.335,"negative"
996,0.375,0.285,0.095,0.253,0.096,0.0575,0.0925,"negative"
997,0.61,0.47,0.17,1.1185,0.5225,0.2405,0.31,"negative"
998,0.56,0.425,0.135,0.8205,0.3715,0.185,0.236,"negative"
999,0.47,0.37,0.12,0.5795,0.293,0.227,0.14,"negative"
1000,0.54,0.425,0.14,0.742,0.32,0.1395,0.25,"negative"
1001,0.66,0.535,0.19,1.5905,0.6425,0.297,0.5175,"negative"
1002,0.745,0.57,0.215,2.25,1.1565,0.446,0.558,"negative"
1003,0.59,0.48,0.16,1.262,0.5685,0.2725,0.335,"negative"
1004,0.635,0.5,0.165,1.4595,0.705,0.2645,0.39,"negative"
1005,0.36,0.28,0.105,0.199,0.0695,0.045,0.08,"negative"
1006,0.345,0.27,0.095,0.197,0.0665,0.05,0.07,"negative"
1007,0.575,0.45,0.125,0.78,0.3275,0.188,0.235,"negative"
1008,0.635,0.49,0.155,1.145,0.4775,0.3035,0.3155,"negative"
1009,0.38,0.29,0.12,0.283,0.1175,0.0655,0.085,"negative"
1010,0.615,0.51,0.15,1.296,0.545,0.3315,0.32,"negative"
1011,0.685,0.535,0.175,1.5845,0.7175,0.3775,0.4215,"negative"
1012,0.495,0.41,0.125,0.7555,0.3355,0.129,0.214,"negative"
1013,0.52,0.4,0.105,0.872,0.4515,0.1615,0.1985,"negative"
1014,0.645,0.485,0.15,1.2215,0.5695,0.2735,0.33,"negative"
1015,0.5,0.41,0.14,0.6615,0.2585,0.1625,0.196,"negative"
1016,0.6,0.47,0.17,1.0805,0.4995,0.2245,0.3205,"negative"
1017,0.565,0.43,0.125,0.6545,0.2815,0.139,0.21,"negative"
1018,0.57,0.445,0.155,0.867,0.3705,0.1705,0.28,"negative"
1019,0.62,0.485,0.155,1.1945,0.5105,0.271,0.352,"negative"
1020,0.63,0.53,0.18,1.2795,0.618,0.256,0.315,"negative"
1021,0.29,0.225,0.075,0.152,0.071,0.059,0.045,"negative"
1022,0.66,0.5,0.175,1.3275,0.556,0.2805,0.4085,"negative"
1023,0.58,0.46,0.16,1.063,0.513,0.2705,0.2625,"negative"
1024,0.53,0.425,0.13,0.7675,0.419,0.1205,0.21,"negative"
1025,0.535,0.4,0.135,0.6025,0.2895,0.121,0.154,"negative"
1026,0.575,0.46,0.16,1.103,0.538,0.221,0.249,"negative"
1027,0.45,0.33,0.105,0.448,0.208,0.089,0.12,"negative"
1028,0.465,0.34,0.105,0.486,0.231,0.1035,0.1225,"negative"
1029,0.56,0.455,0.19,0.714,0.283,0.129,0.275,"negative"
1030,0.615,0.47,0.15,1.0875,0.4975,0.283,0.2685,"negative"
1031,0.525,0.42,0.16,0.756,0.2745,0.173,0.275,"negative"
1032,0.67,0.525,0.195,1.4405,0.6595,0.2675,0.425,"negative"
1033,0.51,0.405,0.13,0.7175,0.3725,0.158,0.17,"negative"
1034,0.57,0.45,0.14,0.795,0.3385,0.148,0.245,"negative"
1035,0.595,0.465,0.15,1.0765,0.491,0.22,0.287,"negative"
1036,0.64,0.5,0.17,1.2645,0.565,0.3375,0.315,"negative"
1037,0.515,0.4,0.125,0.5925,0.265,0.1175,0.168,"negative"
1038,0.56,0.44,0.155,0.9705,0.4315,0.263,0.255,"negative"
1039,0.615,0.475,0.15,1.0375,0.476,0.2325,0.283,"negative"
1040,0.57,0.445,0.15,0.995,0.504,0.185,0.2505,"negative"
1041,0.575,0.475,0.16,1.114,0.4955,0.2745,0.29,"negative"
1042,0.385,0.305,0.09,0.2775,0.109,0.0515,0.1,"negative"
1043,0.645,0.495,0.15,1.2095,0.603,0.2225,0.339,"negative"
1044,0.665,0.5,0.175,1.4355,0.643,0.345,0.37,"negative"
1045,0.515,0.395,0.135,0.516,0.2015,0.132,0.162,"negative"
1046,0.53,0.405,0.13,0.6355,0.2635,0.1565,0.185,"negative"
1047,0.475,0.37,0.125,0.5095,0.2165,0.1125,0.165,"negative"
1048,0.615,0.48,0.175,1.118,0.446,0.3195,0.3,"negative"
1049,0.725,0.55,0.2,1.51,0.8735,0.4265,0.5085,"negative"
1050,0.665,0.5,0.175,1.2975,0.6075,0.314,0.315,"negative"
1051,0.41,0.3,0.1,0.301,0.124,0.069,0.09,"negative"
1052,0.58,0.445,0.135,0.814,0.3775,0.1915,0.22,"negative"
1053,0.55,0.425,0.15,0.639,0.269,0.1345,0.217,"negative"
1054,0.55,0.43,0.14,0.8105,0.368,0.161,0.275,"negative"
1055,0.6,0.45,0.145,0.877,0.4325,0.155,0.24,"negative"
1056,0.575,0.465,0.175,1.099,0.4735,0.202,0.35,"negative"
1057,0.37,0.29,0.115,0.25,0.111,0.057,0.075,"negative"
1058,0.49,0.385,0.16,0.656,0.2455,0.171,0.205,"negative"
1059,0.445,0.36,0.11,0.4235,0.182,0.0765,0.14,"negative"
1060,0.625,0.495,0.175,1.254,0.5815,0.286,0.3185,"negative"
1061,0.525,0.425,0.16,0.8355,0.3545,0.2135,0.245,"negative"
